 
        1800        2400
 
           1   18.9560307319120        10.0342020165198     
  0.000000000000000E+000
           2   18.9582183883235        10.0369638814776     
  0.000000000000000E+000
           3   18.9597186508817        10.0378371473450     
  0.000000000000000E+000
           4   18.9611053815570        10.0383984869278     
  0.000000000000000E+000
           5   18.9624330944191        10.0387976764015     
  0.000000000000000E+000
           6   18.9637229076295        10.0390927374381     
  0.000000000000000E+000
           7   18.9649856539168        10.0393134327147     
  0.000000000000000E+000
           8   18.9662277701149        10.0394774472867     
  0.000000000000000E+000
           9   18.9674534516228        10.0395963079188     
  0.000000000000000E+000
          10   18.9686656138333        10.0396780245864     
  0.000000000000000E+000
          11   18.9698663805384        10.0397284323605     
  0.000000000000000E+000
          12   18.9710573560256        10.0397519389842     
  0.000000000000000E+000
          13   18.9722397875663        10.0397519713080     
  0.000000000000000E+000
          14   18.9734146678703        10.0397312567794     
  0.000000000000000E+000
          15   18.9745828025751        10.0396920088692     
  0.000000000000000E+000
          16   18.9757448563357        10.0396360537023     
  0.000000000000000E+000
          17   18.9769013852661        10.0395649191890     
  0.000000000000000E+000
          18   18.9780528603690        10.0394798993990     
  0.000000000000000E+000
          19   18.9791996848378        10.0393821020966     
  0.000000000000000E+000
          20   18.9803422070811        10.0392724845268     
  0.000000000000000E+000
          21   18.9814807306968        10.0391518808181     
  0.000000000000000E+000
          22   18.9826155222254        10.0390210232844     
  0.000000000000000E+000
          23   18.9837468172585        10.0388805592081     
  0.000000000000000E+000
          24   18.9848748253096        10.0387310642233     
  0.000000000000000E+000
          25   18.9859997337419        10.0385730531055     
  0.000000000000000E+000
          26   18.9871217109648        10.0384069885560     
  0.000000000000000E+000
          27   18.9882409090612        10.0382332884195     
  0.000000000000000E+000
          28   18.9893574659637        10.0380523316621     
  0.000000000000000E+000
          29   18.9904715072704        10.0378644633623     
  0.000000000000000E+000
          30   18.9915831477722        10.0376699989052     
  0.000000000000000E+000
          31   18.9926924927441        10.0374692275314     
  0.000000000000000E+000
          32   18.9937996390446        10.0372624153576     
  0.000000000000000E+000
          33   18.9949046760566        10.0370498079613     
  0.000000000000000E+000
          34   18.9960076864970        10.0368316326055     
  0.000000000000000E+000
          35   18.9971087471168        10.0366081001613     
  0.000000000000000E+000
          36   18.9982079293084        10.0363794067782     
  0.000000000000000E+000
          37   18.9993052996363        10.0361457353407     
  0.000000000000000E+000
          38   19.0004009203016        10.0359072567444     
  0.000000000000000E+000
          39   19.0014948495497        10.0356641310177     
  0.000000000000000E+000
          40   19.0025871420310        10.0354165083110     
  0.000000000000000E+000
          41   19.0036778491195        10.0351645297735     
  0.000000000000000E+000
          42   19.0047670191961        10.0349083283305     
  0.000000000000000E+000
          43   19.0058546979009        10.0346480293772     
  0.000000000000000E+000
          44   19.0069409283587        10.0343837513979     
  0.000000000000000E+000
          45   19.0080257513808        10.0341156065207     
  0.000000000000000E+000
          46   19.0091092056464        10.0338437010160     
  0.000000000000000E+000
          47   19.0101913278661        10.0335681357455     
  0.000000000000000E+000
          48   19.0112721529295        10.0332890065672     
  0.000000000000000E+000
          49   19.0123517140382        10.0330064047018     
  0.000000000000000E+000
          50   19.0134300428270        10.0327204170654     
  0.000000000000000E+000
          51   19.0145071694739        10.0324311265713     
  0.000000000000000E+000
          52   19.0155831228000        10.0321386124047     
  0.000000000000000E+000
          53   19.0166579303609        10.0318429502740     
  0.000000000000000E+000
          54   19.0177316185299        10.0315442126397     
  0.000000000000000E+000
          55   19.0188042125748        10.0312424689238     
  0.000000000000000E+000
          56   19.0198757367274        10.0309377857031     
  0.000000000000000E+000
          57   19.0209462142482        10.0306302268852     
  0.000000000000000E+000
          58   19.0220156674854        10.0303198538711     
  0.000000000000000E+000
          59   19.0230841179295        10.0300067257055     
  0.000000000000000E+000
          60   19.0241515862635        10.0296908992147     
  0.000000000000000E+000
          61   19.0252180924095        10.0293724291342     
  0.000000000000000E+000
          62   19.0262836555717        10.0290513682271     
  0.000000000000000E+000
          63   19.0273482942764        10.0287277673936     
  0.000000000000000E+000
          64   19.0284120264085        10.0284016757725     
  0.000000000000000E+000
          65   19.0294748692463        10.0280731408355     
  0.000000000000000E+000
          66   19.0305368394934        10.0277422084750     
  0.000000000000000E+000
          67   19.0315979533081        10.0274089230860     
  0.000000000000000E+000
          68   19.0326582263315        10.0270733276419     
  0.000000000000000E+000
          69   19.0337176737131        10.0267354637656     
  0.000000000000000E+000
          70   19.0347763101352        10.0263953717962     
  0.000000000000000E+000
          71   19.0358341498351        10.0260530908507     
  0.000000000000000E+000
          72   19.0368912066266        10.0257086588821     
  0.000000000000000E+000
          73   19.0379474939197        10.0253621127339     
  0.000000000000000E+000
          74   19.0390030247391        10.0250134881912     
  0.000000000000000E+000
          75   19.0400578117416        10.0246628200285     
  0.000000000000000E+000
          76   19.0411118672326        10.0243101420546     
  0.000000000000000E+000
          77   19.0421652031814        10.0239554871548     
  0.000000000000000E+000
          78   19.0432178312359        10.0235988873310     
  0.000000000000000E+000
          79   19.0442697627357        10.0232403737391     
  0.000000000000000E+000
          80   19.0453210087255        10.0228799767242     
  0.000000000000000E+000
          81   19.0463715799672        10.0225177258537     
  0.000000000000000E+000
          82   19.0474214869508        10.0221536499492     
  0.000000000000000E+000
          83   19.0484707399058        10.0217877771161     
  0.000000000000000E+000
          84   19.0495193488113        10.0214201347714     
  0.000000000000000E+000
          85   19.0505673234054        10.0210507496705     
  0.000000000000000E+000
          86   19.0516146731946        10.0206796479322     
  0.000000000000000E+000
          87   19.0526614074624        10.0203068550627     
  0.000000000000000E+000
          88   19.0537075352775        10.0199323959781     
  0.000000000000000E+000
          89   19.0547530655015        10.0195562950256     
  0.000000000000000E+000
          90   19.0557980067966        10.0191785760041     
  0.000000000000000E+000
          91   19.0568423676323        10.0187992621834     
  0.000000000000000E+000
          92   19.0578861562921        10.0184183763225     
  0.000000000000000E+000
          93   19.0589293808800        10.0180359406869     
  0.000000000000000E+000
          94   19.0599720493266        10.0176519770654     
  0.000000000000000E+000
          95   19.0610141693945        10.0172665067860     
  0.000000000000000E+000
          96   19.0620557486841        10.0168795507302     
  0.000000000000000E+000
          97   19.0630967946385        10.0164911293484     
  0.000000000000000E+000
          98   19.0641373145490        10.0161012626725     
  0.000000000000000E+000
          99   19.0651773155591        10.0157099703296     
  0.000000000000000E+000
         100   19.0662168046697        10.0153172715541     
  0.000000000000000E+000
         101   19.0672557887428        10.0149231851998     
  0.000000000000000E+000
         102   19.0682942745062        10.0145277297508     
  0.000000000000000E+000
         103   19.0693322685571        10.0141309233328     
  0.000000000000000E+000
         104   19.0703697773659        10.0137327837231     
  0.000000000000000E+000
         105   19.0714068072799        10.0133333283607     
  0.000000000000000E+000
         106   19.0724433645266        10.0129325743557     
  0.000000000000000E+000
         107   19.0734794552172        10.0125305384980     
  0.000000000000000E+000
         108   19.0745150853494        10.0121272372669     
  0.000000000000000E+000
         109   19.0755502608110        10.0117226868382     
  0.000000000000000E+000
         110   19.0765849873821        10.0113169030933     
  0.000000000000000E+000
         111   19.0776192707385        10.0109099016260     
  0.000000000000000E+000
         112   19.0786531164540        10.0105016977502     
  0.000000000000000E+000
         113   19.0796865300032        10.0100923065071     
  0.000000000000000E+000
         114   19.0807195167636        10.0096817426714     
  0.000000000000000E+000
         115   19.0817520820182        10.0092700207583     
  0.000000000000000E+000
         116   19.0827842309581        10.0088571550296     
  0.000000000000000E+000
         117   19.0838159686838        10.0084431594994     
  0.000000000000000E+000
         118   19.0848473002081        10.0080280479401     
  0.000000000000000E+000
         119   19.0858782304580        10.0076118338882     
  0.000000000000000E+000
         120   19.0869087642760        10.0071945306489     
  0.000000000000000E+000
         121   19.0879389064229        10.0067761513019     
  0.000000000000000E+000
         122   19.0889686615788        10.0063567087059     
  0.000000000000000E+000
         123   19.0899980343453        10.0059362155035     
  0.000000000000000E+000
         124   19.0910270292469        10.0055146841259     
  0.000000000000000E+000
         125   19.0920556507327        10.0050921267971     
  0.000000000000000E+000
         126   19.0930839031782        10.0046685555382     
  0.000000000000000E+000
         127   19.0941117908863        10.0042439821715     
  0.000000000000000E+000
         128   19.0951393180890        10.0038184183244     
  0.000000000000000E+000
         129   19.0961664889488        10.0033918754333     
  0.000000000000000E+000
         130   19.0971933075601        10.0029643647474     
  0.000000000000000E+000
         131   19.0982197779503        10.0025358973317     
  0.000000000000000E+000
         132   19.0992459040810        10.0021064840710     
  0.000000000000000E+000
         133   19.1002716898496        10.0016761356730     
  0.000000000000000E+000
         134   19.1012971390901        10.0012448626716     
  0.000000000000000E+000
         135   19.1023222555742        10.0008126754295     
  0.000000000000000E+000
         136   19.1033470430126        10.0003795841419     
  0.000000000000000E+000
         137   19.1043715050560        9.99994559883885     
  0.000000000000000E+000
         138   19.1053956452960        9.99951072938829     
  0.000000000000000E+000
         139   19.1064194672663        9.99907498549864     
  0.000000000000000E+000
         140   19.1074429744432        9.99863837672143     
  0.000000000000000E+000
         141   19.1084661702470        9.99820091245383     
  0.000000000000000E+000
         142   19.1094890580429        9.99776260194111     
  0.000000000000000E+000
         143   19.1105116411412        9.99732345427896     
  0.000000000000000E+000
         144   19.1115339227991        9.99688347841581     
  0.000000000000000E+000
         145   19.1125559062206        9.99644268315506     
  0.000000000000000E+000
         146   19.1135775945579        9.99600107715718     
  0.000000000000000E+000
         147   19.1145989909120        9.99555866894184     
  0.000000000000000E+000
         148   19.1156200983331        9.99511546688989     
  0.000000000000000E+000
         149   19.1166409198219        9.99467147924536     
  0.000000000000000E+000
         150   19.1176614583299        9.99422671411731     
  0.000000000000000E+000
         151   19.1186817167600        9.99378117948168     
  0.000000000000000E+000
         152   19.1197016979675        9.99333488318311     
  0.000000000000000E+000
         153   19.1207214047604        9.99288783293662     
  0.000000000000000E+000
         154   19.1217408399002        9.99244003632934     
  0.000000000000000E+000
         155   19.1227600061024        9.99199150082208     
  0.000000000000000E+000
         156   19.1237789060371        9.99154223375099     
  0.000000000000000E+000
         157   19.1247975423296        9.99109224232902     
  0.000000000000000E+000
         158   19.1258159175610        9.99064153364746     
  0.000000000000000E+000
         159   19.1268340342686        9.99019011467738     
  0.000000000000000E+000
         160   19.1278518949463        9.98973799227103     
  0.000000000000000E+000
         161   19.1288695020453        9.98928517316324     
  0.000000000000000E+000
         162   19.1298868579748        9.98883166397269     
  0.000000000000000E+000
         163   19.1309039651020        9.98837747120327     
  0.000000000000000E+000
         164   19.1319208257526        9.98792260124529     
  0.000000000000000E+000
         165   19.1329374422118        9.98746706037674     
  0.000000000000000E+000
         166   19.1339538167241        9.98701085476442     
  0.000000000000000E+000
         167   19.1349699514939        9.98655399046520     
  0.000000000000000E+000
         168   19.1359858486861        9.98609647342702     
  0.000000000000000E+000
         169   19.1370015104265        9.98563830949009     
  0.000000000000000E+000
         170   19.1380169388018        9.98517950438790     
  0.000000000000000E+000
         171   19.1390321358604        9.98472006374827     
  0.000000000000000E+000
         172   19.1400471036125        9.98425999309437     
  0.000000000000000E+000
         173   19.1410618440308        9.98379929784570     
  0.000000000000000E+000
         174   19.1420763590503        9.98333798331902     
  0.000000000000000E+000
         175   19.1430906505691        9.98287605472934     
  0.000000000000000E+000
         176   19.1441047204486        9.98241351719078     
  0.000000000000000E+000
         177   19.1451185705139        9.98195037571748     
  0.000000000000000E+000
         178   19.1461322025539        9.98148663522445     
  0.000000000000000E+000
         179   19.1471456183216        9.98102230052842     
  0.000000000000000E+000
         180   19.1481588195348        9.98055737634865     
  0.000000000000000E+000
         181   19.1491718078760        9.98009186730776     
  0.000000000000000E+000
         182   19.1501845849927        9.97962577793246     
  0.000000000000000E+000
         183   19.1511971524979        9.97915911265435     
  0.000000000000000E+000
         184   19.1522095119703        9.97869187581065     
  0.000000000000000E+000
         185   19.1532216649543        9.97822407164490     
  0.000000000000000E+000
         186   19.1542336129607        9.97775570430772     
  0.000000000000000E+000
         187   19.1552453574666        9.97728677785745     
  0.000000000000000E+000
         188   19.1562568999157        9.97681729626081     
  0.000000000000000E+000
         189   19.1572682417187        9.97634726339363     
  0.000000000000000E+000
         190   19.1582793842535        9.97587668304141     
  0.000000000000000E+000
         191   19.1592903288652        9.97540555889998     
  0.000000000000000E+000
         192   19.1603010768666        9.97493389457612     
  0.000000000000000E+000
         193   19.1613116295382        9.97446169358813     
  0.000000000000000E+000
         194   19.1623219881286        9.97398895936643     
  0.000000000000000E+000
         195   19.1633321538546        9.97351569525411     
  0.000000000000000E+000
         196   19.1643421279014        9.97304190450752     
  0.000000000000000E+000
         197   19.1653519114228        9.97256759029676     
  0.000000000000000E+000
         198   19.1663615055415        9.97209275570627     
  0.000000000000000E+000
         199   19.1673709113491        9.97161740373528     
  0.000000000000000E+000
         200   19.1683801299064        9.97114153729839     
  0.000000000000000E+000
         201   19.1693891622436        9.97066515922601     
  0.000000000000000E+000
         202   19.1703980093605        9.97018827226484     
  0.000000000000000E+000
         203   19.1714066722264        9.96971087907839     
  0.000000000000000E+000
         204   19.1724151517807        9.96923298224741     
  0.000000000000000E+000
         205   19.1734234489328        9.96875458427034     
  0.000000000000000E+000
         206   19.1744315645621        9.96827568756376     
  0.000000000000000E+000
         207   19.1754394995187        9.96779629446281     
  0.000000000000000E+000
         208   19.1764472546229        9.96731640722164     
  0.000000000000000E+000
         209   19.1774548306659        9.96683602801380     
  0.000000000000000E+000
         210   19.1784622284096        9.96635515893264     
  0.000000000000000E+000
         211   19.1794694485869        9.96587380199174     
  0.000000000000000E+000
         212   19.1804764919017        9.96539195912525     
  0.000000000000000E+000
         213   19.1814833590293        9.96490963218831     
  0.000000000000000E+000
         214   19.1824900506163        9.96442682295739     
  0.000000000000000E+000
         215   19.1834965672807        9.96394353313068     
  0.000000000000000E+000
         216   19.1845029096122        9.96345976432844     
  0.000000000000000E+000
         217   19.1855090781724        9.96297551809332     
  0.000000000000000E+000
         218   19.1865150734946        9.96249079589073     
  0.000000000000000E+000
         219   19.1875208960842        9.96200559910918     
  0.000000000000000E+000
         220   19.1885265464186        9.96151992906059     
  0.000000000000000E+000
         221   19.1895320249477        9.96103378698059     
  0.000000000000000E+000
         222   19.1905373320935        9.96054717402889     
  0.000000000000000E+000
         223   19.1915424682506        9.96006009128954     
  0.000000000000000E+000
         224   19.1925474337861        9.95957253977125     
  0.000000000000000E+000
         225   19.1935522290398        9.95908452040766     
  0.000000000000000E+000
         226   19.1945568543244        9.95859603405769     
  0.000000000000000E+000
         227   19.1955613099254        9.95810708150576     
  0.000000000000000E+000
         228   19.1965655961012        9.95761766346209     
  0.000000000000000E+000
         229   19.1975697130835        9.95712778056298     
  0.000000000000000E+000
         230   19.1985736610770        9.95663743337107     
  0.000000000000000E+000
         231   19.1995774402598        9.95614662237561     
  0.000000000000000E+000
         232   19.2005810507834        9.95565534799269     
  0.000000000000000E+000
         233   19.2015844927727        9.95516361056553     
  0.000000000000000E+000
         234   19.2025877663261        9.95467141036470     
  0.000000000000000E+000
         235   19.2035908715158        9.95417874758837     
  0.000000000000000E+000
         236   19.2045938083877        9.95368562236253     
  0.000000000000000E+000
         237   19.2055965769613        9.95319203474128     
  0.000000000000000E+000
         238   19.2065991772304        9.95269798470697     
  0.000000000000000E+000
         239   19.2076016091625        9.95220347217051     
  0.000000000000000E+000
         240   19.2086038726992        9.95170849697153     
  0.000000000000000E+000
         241   19.2096059677563        9.95121305887862     
  0.000000000000000E+000
         242   19.2106078942238        9.95071715758954     
  0.000000000000000E+000
         243   19.2116096519659        9.95022079273143     
  0.000000000000000E+000
         244   19.2126112408214        9.94972396386100     
  0.000000000000000E+000
         245   19.2136126606033        9.94922667046475     
  0.000000000000000E+000
         246   19.2146139110992        9.94872891195915     
  0.000000000000000E+000
         247   19.2156149920714        9.94823068769084     
  0.000000000000000E+000
         248   19.2166159032567        9.94773199693683     
  0.000000000000000E+000
         249   19.2176166443666        9.94723283890465     
  0.000000000000000E+000
         250   19.2186172150875        9.94673321273258     
  0.000000000000000E+000
         251   19.2196176150807        9.94623311748978     
  0.000000000000000E+000
         252   19.2206178439821        9.94573255217652     
  0.000000000000000E+000
         253   19.2216179014031        9.94523151572429     
  0.000000000000000E+000
         254   19.2226177869296        9.94473000699604     
  0.000000000000000E+000
         255   19.2236175001229        9.94422802478629     
  0.000000000000000E+000
         256   19.2246170405195        9.94372556782131     
  0.000000000000000E+000
         257   19.2256164076309        9.94322263475929     
  0.000000000000000E+000
         258   19.2266156009441        9.94271922419050     
  0.000000000000000E+000
         259   19.2276146199213        9.94221533463742     
  0.000000000000000E+000
         260   19.2286134640000        9.94171096455493     
  0.000000000000000E+000
         261   19.2296121325934        9.94120611233043     
  0.000000000000000E+000
         262   19.2306106250900        9.94070077628399     
  0.000000000000000E+000
         263   19.2316089408540        9.94019495466852     
  0.000000000000000E+000
         264   19.2326070792250        9.93968864566987     
  0.000000000000000E+000
         265   19.2336050395183        9.93918184740703     
  0.000000000000000E+000
         266   19.2346028210252        9.93867455793218     
  0.000000000000000E+000
         267   19.2356004230123        9.93816677523093     
  0.000000000000000E+000
         268   19.2365978447222        9.93765849722237     
  0.000000000000000E+000
         269   19.2375950853736        9.93714972175923     
  0.000000000000000E+000
         270   19.2385921441606        9.93664044662802     
  0.000000000000000E+000
         271   19.2395890202536        9.93613066954912     
  0.000000000000000E+000
         272   19.2405857127988        9.93562038817697     
  0.000000000000000E+000
         273   19.2415822209187        9.93510960010011     
  0.000000000000000E+000
         274   19.2425785437114        9.93459830284137     
  0.000000000000000E+000
         275   19.2435746802517        9.93408649385794     
  0.000000000000000E+000
         276   19.2445706295900        9.93357417054151     
  0.000000000000000E+000
         277   19.2455663907533        9.93306133021838     
  0.000000000000000E+000
         278   19.2465619627446        9.93254797014957     
  0.000000000000000E+000
         279   19.2475573445433        9.93203408753095     
  0.000000000000000E+000
         280   19.2485525351052        9.93151967949330     
  0.000000000000000E+000
         281   19.2495475333622        9.93100474310247     
  0.000000000000000E+000
         282   19.2505423382229        9.93048927535945     
  0.000000000000000E+000
         283   19.2515369485720        9.92997327320050     
  0.000000000000000E+000
         284   19.2525313632710        9.92945673349723     
  0.000000000000000E+000
         285   19.2535255811578        9.92893965305671     
  0.000000000000000E+000
         286   19.2545196010467        9.92842202862156     
  0.000000000000000E+000
         287   19.2555134217288        9.92790385687009     
  0.000000000000000E+000
         288   19.2565070419716        9.92738513441631     
  0.000000000000000E+000
         289   19.2575004605194        9.92686585781011     
  0.000000000000000E+000
         290   19.2584936760932        9.92634602353731     
  0.000000000000000E+000
         291   19.2594866873905        9.92582562801975     
  0.000000000000000E+000
         292   19.2604794930860        9.92530466761540     
  0.000000000000000E+000
         293   19.2614720918306        9.92478313861843     
  0.000000000000000E+000
         294   19.2624644822524        9.92426103725930     
  0.000000000000000E+000
         295   19.2634566629563        9.92373835970487     
  0.000000000000000E+000
         296   19.2644486325240        9.92321510205845     
  0.000000000000000E+000
         297   19.2654403895141        9.92269126035988     
  0.000000000000000E+000
         298   19.2664319324621        9.92216683058567     
  0.000000000000000E+000
         299   19.2674232598807        9.92164180864901     
  0.000000000000000E+000
         300   19.2684143702592        9.92111619039988     
  0.000000000000000E+000
         301   19.2692616130920        9.92019529931732     
  0.000000000000000E+000
         302   19.2680206500502        9.92003445301611     
  0.000000000000000E+000
         303   19.2669235545543        9.92026887954834     
  0.000000000000000E+000
         304   19.2658266760983        9.92050390239302     
  0.000000000000000E+000
         305   19.2647300131718        9.92073951740016     
  0.000000000000000E+000
         306   19.2636335642873        9.92097572048295     
  0.000000000000000E+000
         307   19.2625373279805        9.92121250761787     
  0.000000000000000E+000
         308   19.2614413028098        9.92144987484479     
  0.000000000000000E+000
         309   19.2603454873571        9.92168781826702     
  0.000000000000000E+000
         310   19.2592498802272        9.92192633405139     
  0.000000000000000E+000
         311   19.2581544800481        9.92216541842839     
  0.000000000000000E+000
         312   19.2570592854710        9.92240506769218     
  0.000000000000000E+000
         313   19.2559642951702        9.92264527820073     
  0.000000000000000E+000
         314   19.2548695078435        9.92288604637588     
  0.000000000000000E+000
         315   19.2537749222118        9.92312736870345     
  0.000000000000000E+000
         316   19.2526805370193        9.92336924173333     
  0.000000000000000E+000
         317   19.2515863510337        9.92361166207954     
  0.000000000000000E+000
         318   19.2504923630459        9.92385462642037     
  0.000000000000000E+000
         319   19.2493985718704        9.92409813149844     
  0.000000000000000E+000
         320   19.2483049763450        9.92434217412084     
  0.000000000000000E+000
         321   19.2472115753311        9.92458675115918     
  0.000000000000000E+000
         322   19.2461183677136        9.92483185954969     
  0.000000000000000E+000
         323   19.2450253524009        9.92507749629339     
  0.000000000000000E+000
         324   19.2439325283251        9.92532365845612     
  0.000000000000000E+000
         325   19.2428398944419        9.92557034316866     
  0.000000000000000E+000
         326   19.2417474497307        9.92581754762688     
  0.000000000000000E+000
         327   19.2406551931944        9.92606526909180     
  0.000000000000000E+000
         328   19.2395631238601        9.92631350488972     
  0.000000000000000E+000
         329   19.2384712407784        9.92656225241233     
  0.000000000000000E+000
         330   19.2373795430237        9.92681150911682     
  0.000000000000000E+000
         331   19.2362880296944        9.92706127252602     
  0.000000000000000E+000
         332   19.2351966999129        9.92731154022847     
  0.000000000000000E+000
         333   19.2341055528254        9.92756230987861     
  0.000000000000000E+000
         334   19.2330145876021        9.92781357919682     
  0.000000000000000E+000
         335   19.2319238034376        9.92806534596961     
  0.000000000000000E+000
         336   19.2308331995502        9.92831760804971     
  0.000000000000000E+000
         337   19.2297427751825        9.92857036335622     
  0.000000000000000E+000
         338   19.2286525296013        9.92882360987472     
  0.000000000000000E+000
         339   19.2275624620977        9.92907734565742     
  0.000000000000000E+000
         340   19.2264725719872        9.92933156882330     
  0.000000000000000E+000
         341   19.2253828586092        9.92958627755821     
  0.000000000000000E+000
         342   19.2242933213281        9.92984147011506     
  0.000000000000000E+000
         343   19.2232039595323        9.93009714481392     
  0.000000000000000E+000
         344   19.2221147726349        9.93035330004219     
  0.000000000000000E+000
         345   19.2210257600736        9.93060993425475     
  0.000000000000000E+000
         346   19.2199369213105        9.93086704597408     
  0.000000000000000E+000
         347   19.2188482558325        9.93112463379045     
  0.000000000000000E+000
         348   19.2177597631513        9.93138269636205     
  0.000000000000000E+000
         349   19.2166714428033        9.93164123241515     
  0.000000000000000E+000
         350   19.2155832943497        9.93190024074427     
  0.000000000000000E+000
         351   19.2144953173767        9.93215972021236     
  0.000000000000000E+000
         352   19.2134075114953        9.93241966975091     
  0.000000000000000E+000
         353   19.2123198763417        9.93268008836019     
  0.000000000000000E+000
         354   19.2112324115771        9.93294097510936     
  0.000000000000000E+000
         355   19.2101451168878        9.93320232913670     
  0.000000000000000E+000
         356   19.2090579919854        9.93346414964974     
  0.000000000000000E+000
         357   19.2079710366068        9.93372643592549     
  0.000000000000000E+000
         358   19.2068842505142        9.93398918731059     
  0.000000000000000E+000
         359   19.2057976334951        9.93425240322152     
  0.000000000000000E+000
         360   19.2047111853627        9.93451608314475     
  0.000000000000000E+000
         361   19.2036249059557        9.93478022663702     
  0.000000000000000E+000
         362   19.2025387951382        9.93504483332546     
  0.000000000000000E+000
         363   19.2014528528004        9.93530990290783     
  0.000000000000000E+000
         364   19.2003670788579        9.93557543515272     
  0.000000000000000E+000
         365   19.1992814732525        9.93584142989976     
  0.000000000000000E+000
         366   19.1981960359517        9.93610788705986     
  0.000000000000000E+000
         367   19.1971107669490        9.93637480661537     
  0.000000000000000E+000
         368   19.1960256662642        9.93664218862039     
  0.000000000000000E+000
         369   19.1949407339431        9.93691003320091     
  0.000000000000000E+000
         370   19.1938559700578        9.93717834055510     
  0.000000000000000E+000
         371   19.1927713747069        9.93744711095353     
  0.000000000000000E+000
         372   19.1916869480151        9.93771634473942     
  0.000000000000000E+000
         373   19.1906026901341        9.93798604232886     
  0.000000000000000E+000
         374   19.1895186012419        9.93825620421110     
  0.000000000000000E+000
         375   19.1884346815432        9.93852683094878     
  0.000000000000000E+000
         376   19.1873509312696        9.93879792317820     
  0.000000000000000E+000
         377   19.1862673506796        9.93906948160958     
  0.000000000000000E+000
         378   19.1851839400588        9.93934150702734     
  0.000000000000000E+000
         379   19.1841006997198        9.93961400029040     
  0.000000000000000E+000
         380   19.1830176300023        9.93988696233239     
  0.000000000000000E+000
         381   19.1819347312736        9.94016039416205     
  0.000000000000000E+000
         382   19.1808520039282        9.94043429686340     
  0.000000000000000E+000
         383   19.1797694483881        9.94070867159616     
  0.000000000000000E+000
         384   19.1786870651031        9.94098351959596     
  0.000000000000000E+000
         385   19.1776048545508        9.94125884217472     
  0.000000000000000E+000
         386   19.1765228172365        9.94153464072095     
  0.000000000000000E+000
         387   19.1754409536935        9.94181091670006     
  0.000000000000000E+000
         388   19.1743592644833        9.94208767165470     
  0.000000000000000E+000
         389   19.1732777501957        9.94236490720513     
  0.000000000000000E+000
         390   19.1721964114488        9.94264262504954     
  0.000000000000000E+000
         391   19.1711152488891        9.94292082696440     
  0.000000000000000E+000
         392   19.1700342631918        9.94319951480485     
  0.000000000000000E+000
         393   19.1689534550610        9.94347869050504     
  0.000000000000000E+000
         394   19.1678728252295        9.94375835607855     
  0.000000000000000E+000
         395   19.1667923744592        9.94403851361873     
  0.000000000000000E+000
         396   19.1657121035412        9.94431916529913     
  0.000000000000000E+000
         397   19.1646320132960        9.94460031337390     
  0.000000000000000E+000
         398   19.1635521045735        9.94488196017817     
  0.000000000000000E+000
         399   19.1624723782533        9.94516410812854     
  0.000000000000000E+000
         400   19.1613928352447        9.94544675972345     
  0.000000000000000E+000
         401   19.1603134764870        9.94572991754363     
  0.000000000000000E+000
         402   19.1592343029497        9.94601358425260     
  0.000000000000000E+000
         403   19.1581553156325        9.94629776259706     
  0.000000000000000E+000
         404   19.1570765155655        9.94658245540742     
  0.000000000000000E+000
         405   19.1559979038097        9.94686766559828     
  0.000000000000000E+000
         406   19.1549194814566        9.94715339616887     
  0.000000000000000E+000
         407   19.1538412496289        9.94743965020363     
  0.000000000000000E+000
         408   19.1527632094803        9.94772643087266     
  0.000000000000000E+000
         409   19.1516853621962        9.94801374143231     
  0.000000000000000E+000
         410   19.1506077089933        9.94830158522566     
  0.000000000000000E+000
         411   19.1495302511201        9.94858996568315     
  0.000000000000000E+000
         412   19.1484529898573        9.94887888632308     
  0.000000000000000E+000
         413   19.1473759265175        9.94916835075220     
  0.000000000000000E+000
         414   19.1462990624460        9.94945836266637     
  0.000000000000000E+000
         415   19.1452223990206        9.94974892585109     
  0.000000000000000E+000
         416   19.1441459376520        9.95004004418216     
  0.000000000000000E+000
         417   19.1430696797838        9.95033172162633     
  0.000000000000000E+000
         418   19.1419936268933        9.95062396224194     
  0.000000000000000E+000
         419   19.1409177804911        9.95091677017959     
  0.000000000000000E+000
         420   19.1398421421218        9.95121014968283     
  0.000000000000000E+000
         421   19.1387667133640        9.95150410508888     
  0.000000000000000E+000
         422   19.1376914958306        9.95179864082933     
  0.000000000000000E+000
         423   19.1366164911693        9.95209376143092     
  0.000000000000000E+000
         424   19.1355417010625        9.95238947151624     
  0.000000000000000E+000
         425   19.1344671272279        9.95268577580456     
  0.000000000000000E+000
         426   19.1333927714187        9.95298267911260     
  0.000000000000000E+000
         427   19.1323186354237        9.95328018635540     
  0.000000000000000E+000
         428   19.1312447210680        9.95357830254707     
  0.000000000000000E+000
         429   19.1301710302130        9.95387703280174     
  0.000000000000000E+000
         430   19.1290975647567        9.95417638233441     
  0.000000000000000E+000
         431   19.1280243266343        9.95447635646186     
  0.000000000000000E+000
         432   19.1269513178183        9.95477696060359     
  0.000000000000000E+000
         433   19.1258785403191        9.95507820028275     
  0.000000000000000E+000
         434   19.1248059961849        9.95538008112717     
  0.000000000000000E+000
         435   19.1237336875027        9.95568260887034     
  0.000000000000000E+000
         436   19.1226616163979        9.95598578935246     
  0.000000000000000E+000
         437   19.1215897850356        9.95628962852150     
  0.000000000000000E+000
         438   19.1205181956203        9.95659413243429     
  0.000000000000000E+000
         439   19.1194468503964        9.95689930725766     
  0.000000000000000E+000
         440   19.1183757516490        9.95720515926959     
  0.000000000000000E+000
         441   19.1173049017040        9.95751169486040     
  0.000000000000000E+000
         442   19.1162343029285        9.95781892053395     
  0.000000000000000E+000
         443   19.1151639577317        9.95812684290896     
  0.000000000000000E+000
         444   19.1140938685647        9.95843546872023     
  0.000000000000000E+000
         445   19.1130240379216        9.95874480482002     
  0.000000000000000E+000
         446   19.1119544683396        9.95905485817939     
  0.000000000000000E+000
         447   19.1108851623998        9.95936563588965     
  0.000000000000000E+000
         448   19.1098161227274        9.95967714516375     
  0.000000000000000E+000
         449   19.1087473519926        9.95998939333781     
  0.000000000000000E+000
         450   19.1076788529110        9.96030238787268     
  0.000000000000000E+000
         451   19.1066106282439        9.96061613635545     
  0.000000000000000E+000
         452   19.1055426807995        9.96093064650118     
  0.000000000000000E+000
         453   19.1044750134330        9.96124592615447     
  0.000000000000000E+000
         454   19.1034076290473        9.96156198329129     
  0.000000000000000E+000
         455   19.1023405305939        9.96187882602070     
  0.000000000000000E+000
         456   19.1012737210734        9.96219646258671     
  0.000000000000000E+000
         457   19.1002072035362        9.96251490137018     
  0.000000000000000E+000
         458   19.0991409810832        9.96283415089077     
  0.000000000000000E+000
         459   19.0980750568665        9.96315421980898     
  0.000000000000000E+000
         460   19.0970094340903        9.96347511692818     
  0.000000000000000E+000
         461   19.0959441160116        9.96379685119680     
  0.000000000000000E+000
         462   19.0948791059410        9.96411943171056     
  0.000000000000000E+000
         463   19.0938144072433        9.96444286771469     
  0.000000000000000E+000
         464   19.0927500233390        9.96476716860639     
  0.000000000000000E+000
         465   19.0916859577045        9.96509234393718     
  0.000000000000000E+000
         466   19.0906222138734        9.96541840341550     
  0.000000000000000E+000
         467   19.0895587954373        9.96574535690924     
  0.000000000000000E+000
         468   19.0884957060468        9.96607321444852     
  0.000000000000000E+000
         469   19.0874329494127        9.96640198622840     
  0.000000000000000E+000
         470   19.0863705293068        9.96673168261180     
  0.000000000000000E+000
         471   19.0853084495630        9.96706231413248     
  0.000000000000000E+000
         472   19.0842467140787        9.96739389149812     
  0.000000000000000E+000
         473   19.0831853268154        9.96772642559349     
  0.000000000000000E+000
         474   19.0821242918007        9.96805992748379     
  0.000000000000000E+000
         475   19.0810636131289        9.96839440841805     
  0.000000000000000E+000
         476   19.0800032949624        9.96872987983267     
  0.000000000000000E+000
         477   19.0789433415334        9.96906635335510     
  0.000000000000000E+000
         478   19.0778837571447        9.96940384080765     
  0.000000000000000E+000
         479   19.0768245461718        9.96974235421142     
  0.000000000000000E+000
         480   19.0757657130637        9.97008190579041     
  0.000000000000000E+000
         481   19.0747072623451        9.97042250797573     
  0.000000000000000E+000
         482   19.0736491986174        9.97076417341005     
  0.000000000000000E+000
         483   19.0725915265609        9.97110691495211     
  0.000000000000000E+000
         484   19.0715342509362        9.97145074568154     
  0.000000000000000E+000
         485   19.0704773765861        9.97179567890368     
  0.000000000000000E+000
         486   19.0694209084373        9.97214172815482     
  0.000000000000000E+000
         487   19.0683648515026        9.97248890720743     
  0.000000000000000E+000
         488   19.0673092108827        9.97283723007571     
  0.000000000000000E+000
         489   19.0662539917685        9.97318671102137     
  0.000000000000000E+000
         490   19.0651991994431        9.97353736455956     
  0.000000000000000E+000
         491   19.0641448392842        9.97388920546516     
  0.000000000000000E+000
         492   19.0630909167660        9.97424224877919     
  0.000000000000000E+000
         493   19.0620374374626        9.97459650981561     
  0.000000000000000E+000
         494   19.0609844070496        9.97495200416832     
  0.000000000000000E+000
         495   19.0599318313073        9.97530874771849     
  0.000000000000000E+000
         496   19.0588797161234        9.97566675664222     
  0.000000000000000E+000
         497   19.0578280674955        9.97602604741849     
  0.000000000000000E+000
         498   19.0567768915350        9.97638663683745     
  0.000000000000000E+000
         499   19.0557261944693        9.97674854200913     
  0.000000000000000E+000
         500   19.0546759826457        9.97711178037248     
  0.000000000000000E+000
         501   19.0536262625346        9.97747636970485     
  0.000000000000000E+000
         502   19.0525770407331        9.97784232813186     
  0.000000000000000E+000
         503   19.0515283239691        9.97820967413775     
  0.000000000000000E+000
         504   19.0504801191047        9.97857842657620     
  0.000000000000000E+000
         505   19.0494324331406        9.97894860468165     
  0.000000000000000E+000
         506   19.0483852732206        9.97932022808114     
  0.000000000000000E+000
         507   19.0473386466356        9.97969331680677     
  0.000000000000000E+000
         508   19.0462925608290        9.98006789130864     
  0.000000000000000E+000
         509   19.0452470234011        9.98044397246855     
  0.000000000000000E+000
         510   19.0442020421145        9.98082158161430     
  0.000000000000000E+000
         511   19.0431576248997        9.98120074053470     
  0.000000000000000E+000
         512   19.0421137798608        9.98158147149535     
  0.000000000000000E+000
         513   19.0410705152814        9.98196379725523     
  0.000000000000000E+000
         514   19.0400278396309        9.98234774108408     
  0.000000000000000E+000
         515   19.0389857615714        9.98273332678080     
  0.000000000000000E+000
         516   19.0379442899647        9.98312057869268     
  0.000000000000000E+000
         517   19.0369034338794        9.98350952173575     
  0.000000000000000E+000
         518   19.0358632025990        9.98390018141617     
  0.000000000000000E+000
         519   19.0348236056299        9.98429258385281     
  0.000000000000000E+000
         520   19.0337846527104        9.98468675580106     
  0.000000000000000E+000
         521   19.0327463538195        9.98508272467797     
  0.000000000000000E+000
         522   19.0317087191866        9.98548051858881     
  0.000000000000000E+000
         523   19.0306717593019        9.98588016635518     
  0.000000000000000E+000
         524   19.0296354849272        9.98628169754465     
  0.000000000000000E+000
         525   19.0285999071071        9.98668514250227     
  0.000000000000000E+000
         526   19.0275650371814        9.98709053238382     
  0.000000000000000E+000
         527   19.0265308867979        9.98749789919120     
  0.000000000000000E+000
         528   19.0254974679259        9.98790727580984     
  0.000000000000000E+000
         529   19.0244647928707        9.98831869604854     
  0.000000000000000E+000
         530   19.0234328742893        9.98873219468172     
  0.000000000000000E+000
         531   19.0224017252062        9.98914780749444     
  0.000000000000000E+000
         532   19.0213713590316        9.98956557133025     
  0.000000000000000E+000
         533   19.0203417895791        9.98998552414220     
  0.000000000000000E+000
         534   19.0193130310862        9.99040770504729     
  0.000000000000000E+000
         535   19.0182850982351        9.99083215438450     
  0.000000000000000E+000
         536   19.0172580061753        9.99125891377684     
  0.000000000000000E+000
         537   19.0162317705478        9.99168802619774     
  0.000000000000000E+000
         538   19.0152064075111        9.99211953604207     
  0.000000000000000E+000
         539   19.0141819337687        9.99255348920229     
  0.000000000000000E+000
         540   19.0131583665988        9.99298993315015     
  0.000000000000000E+000
         541   19.0121357238865        9.99342891702443     
  0.000000000000000E+000
         542   19.0111140241580        9.99387049172527     
  0.000000000000000E+000
         543   19.0100932866175        9.99431471001580     
  0.000000000000000E+000
         544   19.0090735311870        9.99476162663160     
  0.000000000000000E+000
         545   19.0080547785496        9.99521129839888     
  0.000000000000000E+000
         546   19.0070370501959        9.99566378436225     
  0.000000000000000E+000
         547   19.0060203684740        9.99611914592290     
  0.000000000000000E+000
         548   19.0050047566443        9.99657744698842     
  0.000000000000000E+000
         549   19.0039902389388        9.99703875413539     
  0.000000000000000E+000
         550   19.0029768406252        9.99750313678608     
  0.000000000000000E+000
         551   19.0019645880767        9.99797066740087     
  0.000000000000000E+000
         552   19.0009535088491        9.99844142168806     
  0.000000000000000E+000
         553   18.9999436317634        9.99891547883301     
  0.000000000000000E+000
         554   18.9989349869975        9.99939292174897     
  0.000000000000000E+000
         555   18.9979276061864        9.99987383735199     
  0.000000000000000E+000
         556   18.9969215225316        10.0003583168629     
  0.000000000000000E+000
         557   18.9959167709227        10.0008464561396     
  0.000000000000000E+000
         558   18.9949133880702        10.0013383560437     
  0.000000000000000E+000
         559   18.9939114126535        10.0018341228457     
  0.000000000000000E+000
         560   18.9929108854838        10.0023338686738     
  0.000000000000000E+000
         561   18.9919118496858        10.0028377120121     
  0.000000000000000E+000
         562   18.9909143508998        10.0033457782559     
  0.000000000000000E+000
         563   18.9899184375065        10.0038582003307     
  0.000000000000000E+000
         564   18.9889241608801        10.0043751193853     
  0.000000000000000E+000
         565   18.9879315756709        10.0048966855704     
  0.000000000000000E+000
         566   18.9869407401243        10.0054230589142     
  0.000000000000000E+000
         567   18.9859517164413        10.0059544103124     
  0.000000000000000E+000
         568   18.9849645711866        10.0064909226495     
  0.000000000000000E+000
         569   18.9839793757525        10.0070327920751     
  0.000000000000000E+000
         570   18.9829962068900        10.0075802294602     
  0.000000000000000E+000
         571   18.9820151473159        10.0081334620677     
  0.000000000000000E+000
         572   18.9810362864132        10.0086927354753     
  0.000000000000000E+000
         573   18.9800597210405        10.0092583157995     
  0.000000000000000E+000
         574   18.9790855564727        10.0098304922811     
  0.000000000000000E+000
         575   18.9781139075006        10.0104095803050     
  0.000000000000000E+000
         576   18.9771448997225        10.0109959249498     
  0.000000000000000E+000
         577   18.9761786710709        10.0115899051818     
  0.000000000000000E+000
         578   18.9752153736286        10.0121919388453     
  0.000000000000000E+000
         579   18.9742551758053        10.0128024886419     
  0.000000000000000E+000
         580   18.9732982649638        10.0134220693469     
  0.000000000000000E+000
         581   18.9723448506179        10.0140512565945     
  0.000000000000000E+000
         582   18.9713951683591        10.0146906976672     
  0.000000000000000E+000
         583   18.9704494847278        10.0153411248787     
  0.000000000000000E+000
         584   18.9695081033220        10.0160033723577     
  0.000000000000000E+000
         585   18.9685713725505        10.0166783973491     
  0.000000000000000E+000
         586   18.9676396956063        10.0173673076171     
  0.000000000000000E+000
         587   18.9667135434924        10.0180713972315     
  0.000000000000000E+000
         588   18.9657934723226        10.0187921941027     
  0.000000000000000E+000
         589   18.9648801467521        10.0195315243555     
  0.000000000000000E+000
         590   18.9639743724183        10.0202916014606     
  0.000000000000000E+000
         591   18.9630771420309        10.0210751528657     
  0.000000000000000E+000
         592   18.9621897028615        10.0218856054211     
  0.000000000000000E+000
         593   18.9613136591975        10.0227273668701     
  0.000000000000000E+000
         594   18.9604511348309        10.0236062722835     
  0.000000000000000E+000
         595   18.9596050451544        10.0245303316369     
  0.000000000000000E+000
         596   18.9587795855672        10.0255110716947     
  0.000000000000000E+000
         597   18.9579811929031        10.0265661775127     
  0.000000000000000E+000
         598   18.9572206998906        10.0277254117678     
  0.000000000000000E+000
         599   18.9565192246914        10.0290467961319     
  0.000000000000000E+000
         600   18.9559312813750        10.0306801067807     
  0.000000000000000E+000
         601   18.9560307319120        10.0342020165198     
  5.000000000000000E-003
         602   18.9582183883235        10.0369638814776     
  5.000000000000000E-003
         603   18.9597186508817        10.0378371473450     
  5.000000000000000E-003
         604   18.9611053815570        10.0383984869278     
  5.000000000000000E-003
         605   18.9624330944191        10.0387976764015     
  5.000000000000000E-003
         606   18.9637229076295        10.0390927374381     
  5.000000000000000E-003
         607   18.9649856539168        10.0393134327147     
  5.000000000000000E-003
         608   18.9662277701149        10.0394774472867     
  5.000000000000000E-003
         609   18.9674534516228        10.0395963079188     
  5.000000000000000E-003
         610   18.9686656138333        10.0396780245864     
  5.000000000000000E-003
         611   18.9698663805384        10.0397284323605     
  5.000000000000000E-003
         612   18.9710573560256        10.0397519389842     
  5.000000000000000E-003
         613   18.9722397875663        10.0397519713080     
  5.000000000000000E-003
         614   18.9734146678703        10.0397312567794     
  5.000000000000000E-003
         615   18.9745828025751        10.0396920088692     
  5.000000000000000E-003
         616   18.9757448563357        10.0396360537023     
  5.000000000000000E-003
         617   18.9769013852661        10.0395649191890     
  5.000000000000000E-003
         618   18.9780528603690        10.0394798993990     
  5.000000000000000E-003
         619   18.9791996848378        10.0393821020966     
  5.000000000000000E-003
         620   18.9803422070811        10.0392724845268     
  5.000000000000000E-003
         621   18.9814807306968        10.0391518808181     
  5.000000000000000E-003
         622   18.9826155222254        10.0390210232844     
  5.000000000000000E-003
         623   18.9837468172585        10.0388805592081     
  5.000000000000000E-003
         624   18.9848748253096        10.0387310642233     
  5.000000000000000E-003
         625   18.9859997337419        10.0385730531055     
  5.000000000000000E-003
         626   18.9871217109648        10.0384069885560     
  5.000000000000000E-003
         627   18.9882409090612        10.0382332884195     
  5.000000000000000E-003
         628   18.9893574659637        10.0380523316621     
  5.000000000000000E-003
         629   18.9904715072704        10.0378644633623     
  5.000000000000000E-003
         630   18.9915831477722        10.0376699989052     
  5.000000000000000E-003
         631   18.9926924927441        10.0374692275314     
  5.000000000000000E-003
         632   18.9937996390446        10.0372624153576     
  5.000000000000000E-003
         633   18.9949046760566        10.0370498079613     
  5.000000000000000E-003
         634   18.9960076864970        10.0368316326055     
  5.000000000000000E-003
         635   18.9971087471168        10.0366081001613     
  5.000000000000000E-003
         636   18.9982079293084        10.0363794067782     
  5.000000000000000E-003
         637   18.9993052996363        10.0361457353407     
  5.000000000000000E-003
         638   19.0004009203016        10.0359072567444     
  5.000000000000000E-003
         639   19.0014948495497        10.0356641310177     
  5.000000000000000E-003
         640   19.0025871420310        10.0354165083110     
  5.000000000000000E-003
         641   19.0036778491195        10.0351645297735     
  5.000000000000000E-003
         642   19.0047670191961        10.0349083283305     
  5.000000000000000E-003
         643   19.0058546979009        10.0346480293772     
  5.000000000000000E-003
         644   19.0069409283587        10.0343837513979     
  5.000000000000000E-003
         645   19.0080257513808        10.0341156065207     
  5.000000000000000E-003
         646   19.0091092056464        10.0338437010160     
  5.000000000000000E-003
         647   19.0101913278661        10.0335681357455     
  5.000000000000000E-003
         648   19.0112721529295        10.0332890065672     
  5.000000000000000E-003
         649   19.0123517140382        10.0330064047018     
  5.000000000000000E-003
         650   19.0134300428270        10.0327204170654     
  5.000000000000000E-003
         651   19.0145071694739        10.0324311265713     
  5.000000000000000E-003
         652   19.0155831228000        10.0321386124047     
  5.000000000000000E-003
         653   19.0166579303609        10.0318429502740     
  5.000000000000000E-003
         654   19.0177316185299        10.0315442126397     
  5.000000000000000E-003
         655   19.0188042125748        10.0312424689238     
  5.000000000000000E-003
         656   19.0198757367274        10.0309377857031     
  5.000000000000000E-003
         657   19.0209462142482        10.0306302268852     
  5.000000000000000E-003
         658   19.0220156674854        10.0303198538711     
  5.000000000000000E-003
         659   19.0230841179295        10.0300067257055     
  5.000000000000000E-003
         660   19.0241515862635        10.0296908992147     
  5.000000000000000E-003
         661   19.0252180924095        10.0293724291342     
  5.000000000000000E-003
         662   19.0262836555717        10.0290513682271     
  5.000000000000000E-003
         663   19.0273482942764        10.0287277673936     
  5.000000000000000E-003
         664   19.0284120264085        10.0284016757725     
  5.000000000000000E-003
         665   19.0294748692463        10.0280731408355     
  5.000000000000000E-003
         666   19.0305368394934        10.0277422084750     
  5.000000000000000E-003
         667   19.0315979533081        10.0274089230860     
  5.000000000000000E-003
         668   19.0326582263315        10.0270733276419     
  5.000000000000000E-003
         669   19.0337176737131        10.0267354637656     
  5.000000000000000E-003
         670   19.0347763101352        10.0263953717962     
  5.000000000000000E-003
         671   19.0358341498351        10.0260530908507     
  5.000000000000000E-003
         672   19.0368912066266        10.0257086588821     
  5.000000000000000E-003
         673   19.0379474939197        10.0253621127339     
  5.000000000000000E-003
         674   19.0390030247391        10.0250134881912     
  5.000000000000000E-003
         675   19.0400578117416        10.0246628200285     
  5.000000000000000E-003
         676   19.0411118672326        10.0243101420546     
  5.000000000000000E-003
         677   19.0421652031814        10.0239554871548     
  5.000000000000000E-003
         678   19.0432178312359        10.0235988873310     
  5.000000000000000E-003
         679   19.0442697627357        10.0232403737391     
  5.000000000000000E-003
         680   19.0453210087255        10.0228799767242     
  5.000000000000000E-003
         681   19.0463715799672        10.0225177258537     
  5.000000000000000E-003
         682   19.0474214869508        10.0221536499492     
  5.000000000000000E-003
         683   19.0484707399058        10.0217877771161     
  5.000000000000000E-003
         684   19.0495193488113        10.0214201347714     
  5.000000000000000E-003
         685   19.0505673234054        10.0210507496705     
  5.000000000000000E-003
         686   19.0516146731946        10.0206796479322     
  5.000000000000000E-003
         687   19.0526614074624        10.0203068550627     
  5.000000000000000E-003
         688   19.0537075352775        10.0199323959781     
  5.000000000000000E-003
         689   19.0547530655015        10.0195562950256     
  5.000000000000000E-003
         690   19.0557980067966        10.0191785760041     
  5.000000000000000E-003
         691   19.0568423676323        10.0187992621834     
  5.000000000000000E-003
         692   19.0578861562921        10.0184183763225     
  5.000000000000000E-003
         693   19.0589293808800        10.0180359406869     
  5.000000000000000E-003
         694   19.0599720493266        10.0176519770654     
  5.000000000000000E-003
         695   19.0610141693945        10.0172665067860     
  5.000000000000000E-003
         696   19.0620557486841        10.0168795507302     
  5.000000000000000E-003
         697   19.0630967946385        10.0164911293484     
  5.000000000000000E-003
         698   19.0641373145490        10.0161012626725     
  5.000000000000000E-003
         699   19.0651773155591        10.0157099703296     
  5.000000000000000E-003
         700   19.0662168046697        10.0153172715541     
  5.000000000000000E-003
         701   19.0672557887428        10.0149231851998     
  5.000000000000000E-003
         702   19.0682942745062        10.0145277297508     
  5.000000000000000E-003
         703   19.0693322685571        10.0141309233328     
  5.000000000000000E-003
         704   19.0703697773659        10.0137327837231     
  5.000000000000000E-003
         705   19.0714068072799        10.0133333283607     
  5.000000000000000E-003
         706   19.0724433645266        10.0129325743557     
  5.000000000000000E-003
         707   19.0734794552172        10.0125305384980     
  5.000000000000000E-003
         708   19.0745150853494        10.0121272372669     
  5.000000000000000E-003
         709   19.0755502608110        10.0117226868382     
  5.000000000000000E-003
         710   19.0765849873821        10.0113169030933     
  5.000000000000000E-003
         711   19.0776192707385        10.0109099016260     
  5.000000000000000E-003
         712   19.0786531164540        10.0105016977502     
  5.000000000000000E-003
         713   19.0796865300032        10.0100923065071     
  5.000000000000000E-003
         714   19.0807195167636        10.0096817426714     
  5.000000000000000E-003
         715   19.0817520820182        10.0092700207583     
  5.000000000000000E-003
         716   19.0827842309581        10.0088571550296     
  5.000000000000000E-003
         717   19.0838159686838        10.0084431594994     
  5.000000000000000E-003
         718   19.0848473002081        10.0080280479401     
  5.000000000000000E-003
         719   19.0858782304580        10.0076118338882     
  5.000000000000000E-003
         720   19.0869087642760        10.0071945306489     
  5.000000000000000E-003
         721   19.0879389064229        10.0067761513019     
  5.000000000000000E-003
         722   19.0889686615788        10.0063567087059     
  5.000000000000000E-003
         723   19.0899980343453        10.0059362155035     
  5.000000000000000E-003
         724   19.0910270292469        10.0055146841259     
  5.000000000000000E-003
         725   19.0920556507327        10.0050921267971     
  5.000000000000000E-003
         726   19.0930839031782        10.0046685555382     
  5.000000000000000E-003
         727   19.0941117908863        10.0042439821715     
  5.000000000000000E-003
         728   19.0951393180890        10.0038184183244     
  5.000000000000000E-003
         729   19.0961664889488        10.0033918754333     
  5.000000000000000E-003
         730   19.0971933075601        10.0029643647474     
  5.000000000000000E-003
         731   19.0982197779503        10.0025358973317     
  5.000000000000000E-003
         732   19.0992459040810        10.0021064840710     
  5.000000000000000E-003
         733   19.1002716898496        10.0016761356730     
  5.000000000000000E-003
         734   19.1012971390901        10.0012448626716     
  5.000000000000000E-003
         735   19.1023222555742        10.0008126754295     
  5.000000000000000E-003
         736   19.1033470430126        10.0003795841419     
  5.000000000000000E-003
         737   19.1043715050560        9.99994559883885     
  5.000000000000000E-003
         738   19.1053956452960        9.99951072938829     
  5.000000000000000E-003
         739   19.1064194672663        9.99907498549864     
  5.000000000000000E-003
         740   19.1074429744432        9.99863837672143     
  5.000000000000000E-003
         741   19.1084661702470        9.99820091245383     
  5.000000000000000E-003
         742   19.1094890580429        9.99776260194111     
  5.000000000000000E-003
         743   19.1105116411412        9.99732345427896     
  5.000000000000000E-003
         744   19.1115339227991        9.99688347841581     
  5.000000000000000E-003
         745   19.1125559062206        9.99644268315506     
  5.000000000000000E-003
         746   19.1135775945579        9.99600107715718     
  5.000000000000000E-003
         747   19.1145989909120        9.99555866894184     
  5.000000000000000E-003
         748   19.1156200983331        9.99511546688989     
  5.000000000000000E-003
         749   19.1166409198219        9.99467147924536     
  5.000000000000000E-003
         750   19.1176614583299        9.99422671411731     
  5.000000000000000E-003
         751   19.1186817167600        9.99378117948168     
  5.000000000000000E-003
         752   19.1197016979675        9.99333488318311     
  5.000000000000000E-003
         753   19.1207214047604        9.99288783293662     
  5.000000000000000E-003
         754   19.1217408399002        9.99244003632934     
  5.000000000000000E-003
         755   19.1227600061024        9.99199150082208     
  5.000000000000000E-003
         756   19.1237789060371        9.99154223375099     
  5.000000000000000E-003
         757   19.1247975423296        9.99109224232902     
  5.000000000000000E-003
         758   19.1258159175610        9.99064153364746     
  5.000000000000000E-003
         759   19.1268340342686        9.99019011467738     
  5.000000000000000E-003
         760   19.1278518949463        9.98973799227103     
  5.000000000000000E-003
         761   19.1288695020453        9.98928517316324     
  5.000000000000000E-003
         762   19.1298868579748        9.98883166397269     
  5.000000000000000E-003
         763   19.1309039651020        9.98837747120327     
  5.000000000000000E-003
         764   19.1319208257526        9.98792260124529     
  5.000000000000000E-003
         765   19.1329374422118        9.98746706037674     
  5.000000000000000E-003
         766   19.1339538167241        9.98701085476442     
  5.000000000000000E-003
         767   19.1349699514939        9.98655399046520     
  5.000000000000000E-003
         768   19.1359858486861        9.98609647342702     
  5.000000000000000E-003
         769   19.1370015104265        9.98563830949009     
  5.000000000000000E-003
         770   19.1380169388018        9.98517950438790     
  5.000000000000000E-003
         771   19.1390321358604        9.98472006374827     
  5.000000000000000E-003
         772   19.1400471036125        9.98425999309437     
  5.000000000000000E-003
         773   19.1410618440308        9.98379929784570     
  5.000000000000000E-003
         774   19.1420763590503        9.98333798331902     
  5.000000000000000E-003
         775   19.1430906505691        9.98287605472934     
  5.000000000000000E-003
         776   19.1441047204486        9.98241351719078     
  5.000000000000000E-003
         777   19.1451185705139        9.98195037571748     
  5.000000000000000E-003
         778   19.1461322025539        9.98148663522445     
  5.000000000000000E-003
         779   19.1471456183216        9.98102230052842     
  5.000000000000000E-003
         780   19.1481588195348        9.98055737634865     
  5.000000000000000E-003
         781   19.1491718078760        9.98009186730776     
  5.000000000000000E-003
         782   19.1501845849927        9.97962577793246     
  5.000000000000000E-003
         783   19.1511971524979        9.97915911265435     
  5.000000000000000E-003
         784   19.1522095119703        9.97869187581065     
  5.000000000000000E-003
         785   19.1532216649543        9.97822407164490     
  5.000000000000000E-003
         786   19.1542336129607        9.97775570430772     
  5.000000000000000E-003
         787   19.1552453574666        9.97728677785745     
  5.000000000000000E-003
         788   19.1562568999157        9.97681729626081     
  5.000000000000000E-003
         789   19.1572682417187        9.97634726339363     
  5.000000000000000E-003
         790   19.1582793842535        9.97587668304141     
  5.000000000000000E-003
         791   19.1592903288652        9.97540555889998     
  5.000000000000000E-003
         792   19.1603010768666        9.97493389457612     
  5.000000000000000E-003
         793   19.1613116295382        9.97446169358813     
  5.000000000000000E-003
         794   19.1623219881286        9.97398895936643     
  5.000000000000000E-003
         795   19.1633321538546        9.97351569525411     
  5.000000000000000E-003
         796   19.1643421279014        9.97304190450752     
  5.000000000000000E-003
         797   19.1653519114228        9.97256759029676     
  5.000000000000000E-003
         798   19.1663615055415        9.97209275570627     
  5.000000000000000E-003
         799   19.1673709113491        9.97161740373528     
  5.000000000000000E-003
         800   19.1683801299064        9.97114153729839     
  5.000000000000000E-003
         801   19.1693891622436        9.97066515922601     
  5.000000000000000E-003
         802   19.1703980093605        9.97018827226484     
  5.000000000000000E-003
         803   19.1714066722264        9.96971087907839     
  5.000000000000000E-003
         804   19.1724151517807        9.96923298224741     
  5.000000000000000E-003
         805   19.1734234489328        9.96875458427034     
  5.000000000000000E-003
         806   19.1744315645621        9.96827568756376     
  5.000000000000000E-003
         807   19.1754394995187        9.96779629446281     
  5.000000000000000E-003
         808   19.1764472546229        9.96731640722164     
  5.000000000000000E-003
         809   19.1774548306659        9.96683602801380     
  5.000000000000000E-003
         810   19.1784622284096        9.96635515893264     
  5.000000000000000E-003
         811   19.1794694485869        9.96587380199174     
  5.000000000000000E-003
         812   19.1804764919017        9.96539195912525     
  5.000000000000000E-003
         813   19.1814833590293        9.96490963218831     
  5.000000000000000E-003
         814   19.1824900506163        9.96442682295739     
  5.000000000000000E-003
         815   19.1834965672807        9.96394353313068     
  5.000000000000000E-003
         816   19.1845029096122        9.96345976432844     
  5.000000000000000E-003
         817   19.1855090781724        9.96297551809332     
  5.000000000000000E-003
         818   19.1865150734946        9.96249079589073     
  5.000000000000000E-003
         819   19.1875208960842        9.96200559910918     
  5.000000000000000E-003
         820   19.1885265464186        9.96151992906059     
  5.000000000000000E-003
         821   19.1895320249477        9.96103378698059     
  5.000000000000000E-003
         822   19.1905373320935        9.96054717402889     
  5.000000000000000E-003
         823   19.1915424682506        9.96006009128954     
  5.000000000000000E-003
         824   19.1925474337861        9.95957253977125     
  5.000000000000000E-003
         825   19.1935522290398        9.95908452040766     
  5.000000000000000E-003
         826   19.1945568543244        9.95859603405769     
  5.000000000000000E-003
         827   19.1955613099254        9.95810708150576     
  5.000000000000000E-003
         828   19.1965655961012        9.95761766346209     
  5.000000000000000E-003
         829   19.1975697130835        9.95712778056298     
  5.000000000000000E-003
         830   19.1985736610770        9.95663743337107     
  5.000000000000000E-003
         831   19.1995774402598        9.95614662237561     
  5.000000000000000E-003
         832   19.2005810507834        9.95565534799269     
  5.000000000000000E-003
         833   19.2015844927727        9.95516361056553     
  5.000000000000000E-003
         834   19.2025877663261        9.95467141036470     
  5.000000000000000E-003
         835   19.2035908715158        9.95417874758837     
  5.000000000000000E-003
         836   19.2045938083877        9.95368562236253     
  5.000000000000000E-003
         837   19.2055965769613        9.95319203474128     
  5.000000000000000E-003
         838   19.2065991772304        9.95269798470697     
  5.000000000000000E-003
         839   19.2076016091625        9.95220347217051     
  5.000000000000000E-003
         840   19.2086038726992        9.95170849697153     
  5.000000000000000E-003
         841   19.2096059677563        9.95121305887862     
  5.000000000000000E-003
         842   19.2106078942238        9.95071715758954     
  5.000000000000000E-003
         843   19.2116096519659        9.95022079273143     
  5.000000000000000E-003
         844   19.2126112408214        9.94972396386100     
  5.000000000000000E-003
         845   19.2136126606033        9.94922667046475     
  5.000000000000000E-003
         846   19.2146139110992        9.94872891195915     
  5.000000000000000E-003
         847   19.2156149920714        9.94823068769084     
  5.000000000000000E-003
         848   19.2166159032567        9.94773199693683     
  5.000000000000000E-003
         849   19.2176166443666        9.94723283890465     
  5.000000000000000E-003
         850   19.2186172150875        9.94673321273258     
  5.000000000000000E-003
         851   19.2196176150807        9.94623311748978     
  5.000000000000000E-003
         852   19.2206178439821        9.94573255217652     
  5.000000000000000E-003
         853   19.2216179014031        9.94523151572429     
  5.000000000000000E-003
         854   19.2226177869296        9.94473000699604     
  5.000000000000000E-003
         855   19.2236175001229        9.94422802478629     
  5.000000000000000E-003
         856   19.2246170405195        9.94372556782131     
  5.000000000000000E-003
         857   19.2256164076309        9.94322263475929     
  5.000000000000000E-003
         858   19.2266156009441        9.94271922419050     
  5.000000000000000E-003
         859   19.2276146199213        9.94221533463742     
  5.000000000000000E-003
         860   19.2286134640000        9.94171096455493     
  5.000000000000000E-003
         861   19.2296121325934        9.94120611233043     
  5.000000000000000E-003
         862   19.2306106250900        9.94070077628399     
  5.000000000000000E-003
         863   19.2316089408540        9.94019495466852     
  5.000000000000000E-003
         864   19.2326070792250        9.93968864566987     
  5.000000000000000E-003
         865   19.2336050395183        9.93918184740703     
  5.000000000000000E-003
         866   19.2346028210252        9.93867455793218     
  5.000000000000000E-003
         867   19.2356004230123        9.93816677523093     
  5.000000000000000E-003
         868   19.2365978447222        9.93765849722237     
  5.000000000000000E-003
         869   19.2375950853736        9.93714972175923     
  5.000000000000000E-003
         870   19.2385921441606        9.93664044662802     
  5.000000000000000E-003
         871   19.2395890202536        9.93613066954912     
  5.000000000000000E-003
         872   19.2405857127988        9.93562038817697     
  5.000000000000000E-003
         873   19.2415822209187        9.93510960010011     
  5.000000000000000E-003
         874   19.2425785437114        9.93459830284137     
  5.000000000000000E-003
         875   19.2435746802517        9.93408649385794     
  5.000000000000000E-003
         876   19.2445706295900        9.93357417054151     
  5.000000000000000E-003
         877   19.2455663907533        9.93306133021838     
  5.000000000000000E-003
         878   19.2465619627446        9.93254797014957     
  5.000000000000000E-003
         879   19.2475573445433        9.93203408753095     
  5.000000000000000E-003
         880   19.2485525351052        9.93151967949330     
  5.000000000000000E-003
         881   19.2495475333622        9.93100474310247     
  5.000000000000000E-003
         882   19.2505423382229        9.93048927535945     
  5.000000000000000E-003
         883   19.2515369485720        9.92997327320050     
  5.000000000000000E-003
         884   19.2525313632710        9.92945673349723     
  5.000000000000000E-003
         885   19.2535255811578        9.92893965305671     
  5.000000000000000E-003
         886   19.2545196010467        9.92842202862156     
  5.000000000000000E-003
         887   19.2555134217288        9.92790385687009     
  5.000000000000000E-003
         888   19.2565070419716        9.92738513441631     
  5.000000000000000E-003
         889   19.2575004605194        9.92686585781011     
  5.000000000000000E-003
         890   19.2584936760932        9.92634602353731     
  5.000000000000000E-003
         891   19.2594866873905        9.92582562801975     
  5.000000000000000E-003
         892   19.2604794930860        9.92530466761540     
  5.000000000000000E-003
         893   19.2614720918306        9.92478313861843     
  5.000000000000000E-003
         894   19.2624644822524        9.92426103725930     
  5.000000000000000E-003
         895   19.2634566629563        9.92373835970487     
  5.000000000000000E-003
         896   19.2644486325240        9.92321510205845     
  5.000000000000000E-003
         897   19.2654403895141        9.92269126035988     
  5.000000000000000E-003
         898   19.2664319324621        9.92216683058567     
  5.000000000000000E-003
         899   19.2674232598807        9.92164180864901     
  5.000000000000000E-003
         900   19.2684143702592        9.92111619039988     
  5.000000000000000E-003
         901   19.2692616130920        9.92019529931732     
  5.000000000000000E-003
         902   19.2680206500502        9.92003445301611     
  5.000000000000000E-003
         903   19.2669235545543        9.92026887954834     
  5.000000000000000E-003
         904   19.2658266760983        9.92050390239302     
  5.000000000000000E-003
         905   19.2647300131718        9.92073951740016     
  5.000000000000000E-003
         906   19.2636335642873        9.92097572048295     
  5.000000000000000E-003
         907   19.2625373279805        9.92121250761787     
  5.000000000000000E-003
         908   19.2614413028098        9.92144987484479     
  5.000000000000000E-003
         909   19.2603454873571        9.92168781826702     
  5.000000000000000E-003
         910   19.2592498802272        9.92192633405139     
  5.000000000000000E-003
         911   19.2581544800481        9.92216541842839     
  5.000000000000000E-003
         912   19.2570592854710        9.92240506769218     
  5.000000000000000E-003
         913   19.2559642951702        9.92264527820073     
  5.000000000000000E-003
         914   19.2548695078435        9.92288604637588     
  5.000000000000000E-003
         915   19.2537749222118        9.92312736870345     
  5.000000000000000E-003
         916   19.2526805370193        9.92336924173333     
  5.000000000000000E-003
         917   19.2515863510337        9.92361166207954     
  5.000000000000000E-003
         918   19.2504923630459        9.92385462642037     
  5.000000000000000E-003
         919   19.2493985718704        9.92409813149844     
  5.000000000000000E-003
         920   19.2483049763450        9.92434217412084     
  5.000000000000000E-003
         921   19.2472115753311        9.92458675115918     
  5.000000000000000E-003
         922   19.2461183677136        9.92483185954969     
  5.000000000000000E-003
         923   19.2450253524009        9.92507749629339     
  5.000000000000000E-003
         924   19.2439325283251        9.92532365845612     
  5.000000000000000E-003
         925   19.2428398944419        9.92557034316866     
  5.000000000000000E-003
         926   19.2417474497307        9.92581754762688     
  5.000000000000000E-003
         927   19.2406551931944        9.92606526909180     
  5.000000000000000E-003
         928   19.2395631238601        9.92631350488972     
  5.000000000000000E-003
         929   19.2384712407784        9.92656225241233     
  5.000000000000000E-003
         930   19.2373795430237        9.92681150911682     
  5.000000000000000E-003
         931   19.2362880296944        9.92706127252602     
  5.000000000000000E-003
         932   19.2351966999129        9.92731154022847     
  5.000000000000000E-003
         933   19.2341055528254        9.92756230987861     
  5.000000000000000E-003
         934   19.2330145876021        9.92781357919682     
  5.000000000000000E-003
         935   19.2319238034376        9.92806534596961     
  5.000000000000000E-003
         936   19.2308331995502        9.92831760804971     
  5.000000000000000E-003
         937   19.2297427751825        9.92857036335622     
  5.000000000000000E-003
         938   19.2286525296013        9.92882360987472     
  5.000000000000000E-003
         939   19.2275624620977        9.92907734565742     
  5.000000000000000E-003
         940   19.2264725719872        9.92933156882330     
  5.000000000000000E-003
         941   19.2253828586092        9.92958627755821     
  5.000000000000000E-003
         942   19.2242933213281        9.92984147011506     
  5.000000000000000E-003
         943   19.2232039595323        9.93009714481392     
  5.000000000000000E-003
         944   19.2221147726349        9.93035330004219     
  5.000000000000000E-003
         945   19.2210257600736        9.93060993425475     
  5.000000000000000E-003
         946   19.2199369213105        9.93086704597408     
  5.000000000000000E-003
         947   19.2188482558325        9.93112463379045     
  5.000000000000000E-003
         948   19.2177597631513        9.93138269636205     
  5.000000000000000E-003
         949   19.2166714428033        9.93164123241515     
  5.000000000000000E-003
         950   19.2155832943497        9.93190024074427     
  5.000000000000000E-003
         951   19.2144953173767        9.93215972021236     
  5.000000000000000E-003
         952   19.2134075114953        9.93241966975091     
  5.000000000000000E-003
         953   19.2123198763417        9.93268008836019     
  5.000000000000000E-003
         954   19.2112324115771        9.93294097510936     
  5.000000000000000E-003
         955   19.2101451168878        9.93320232913670     
  5.000000000000000E-003
         956   19.2090579919854        9.93346414964974     
  5.000000000000000E-003
         957   19.2079710366068        9.93372643592549     
  5.000000000000000E-003
         958   19.2068842505142        9.93398918731059     
  5.000000000000000E-003
         959   19.2057976334951        9.93425240322152     
  5.000000000000000E-003
         960   19.2047111853627        9.93451608314475     
  5.000000000000000E-003
         961   19.2036249059557        9.93478022663702     
  5.000000000000000E-003
         962   19.2025387951382        9.93504483332546     
  5.000000000000000E-003
         963   19.2014528528004        9.93530990290783     
  5.000000000000000E-003
         964   19.2003670788579        9.93557543515272     
  5.000000000000000E-003
         965   19.1992814732525        9.93584142989976     
  5.000000000000000E-003
         966   19.1981960359517        9.93610788705986     
  5.000000000000000E-003
         967   19.1971107669490        9.93637480661537     
  5.000000000000000E-003
         968   19.1960256662642        9.93664218862039     
  5.000000000000000E-003
         969   19.1949407339431        9.93691003320091     
  5.000000000000000E-003
         970   19.1938559700578        9.93717834055510     
  5.000000000000000E-003
         971   19.1927713747069        9.93744711095353     
  5.000000000000000E-003
         972   19.1916869480151        9.93771634473942     
  5.000000000000000E-003
         973   19.1906026901341        9.93798604232886     
  5.000000000000000E-003
         974   19.1895186012419        9.93825620421110     
  5.000000000000000E-003
         975   19.1884346815432        9.93852683094878     
  5.000000000000000E-003
         976   19.1873509312696        9.93879792317820     
  5.000000000000000E-003
         977   19.1862673506796        9.93906948160958     
  5.000000000000000E-003
         978   19.1851839400588        9.93934150702734     
  5.000000000000000E-003
         979   19.1841006997198        9.93961400029040     
  5.000000000000000E-003
         980   19.1830176300023        9.93988696233239     
  5.000000000000000E-003
         981   19.1819347312736        9.94016039416205     
  5.000000000000000E-003
         982   19.1808520039282        9.94043429686340     
  5.000000000000000E-003
         983   19.1797694483881        9.94070867159616     
  5.000000000000000E-003
         984   19.1786870651031        9.94098351959596     
  5.000000000000000E-003
         985   19.1776048545508        9.94125884217472     
  5.000000000000000E-003
         986   19.1765228172365        9.94153464072095     
  5.000000000000000E-003
         987   19.1754409536935        9.94181091670006     
  5.000000000000000E-003
         988   19.1743592644833        9.94208767165470     
  5.000000000000000E-003
         989   19.1732777501957        9.94236490720513     
  5.000000000000000E-003
         990   19.1721964114488        9.94264262504954     
  5.000000000000000E-003
         991   19.1711152488891        9.94292082696440     
  5.000000000000000E-003
         992   19.1700342631918        9.94319951480485     
  5.000000000000000E-003
         993   19.1689534550610        9.94347869050504     
  5.000000000000000E-003
         994   19.1678728252295        9.94375835607855     
  5.000000000000000E-003
         995   19.1667923744592        9.94403851361873     
  5.000000000000000E-003
         996   19.1657121035412        9.94431916529913     
  5.000000000000000E-003
         997   19.1646320132960        9.94460031337390     
  5.000000000000000E-003
         998   19.1635521045735        9.94488196017817     
  5.000000000000000E-003
         999   19.1624723782533        9.94516410812854     
  5.000000000000000E-003
        1000   19.1613928352447        9.94544675972345     
  5.000000000000000E-003
        1001   19.1603134764870        9.94572991754363     
  5.000000000000000E-003
        1002   19.1592343029497        9.94601358425260     
  5.000000000000000E-003
        1003   19.1581553156325        9.94629776259706     
  5.000000000000000E-003
        1004   19.1570765155655        9.94658245540742     
  5.000000000000000E-003
        1005   19.1559979038097        9.94686766559828     
  5.000000000000000E-003
        1006   19.1549194814566        9.94715339616887     
  5.000000000000000E-003
        1007   19.1538412496289        9.94743965020363     
  5.000000000000000E-003
        1008   19.1527632094803        9.94772643087266     
  5.000000000000000E-003
        1009   19.1516853621962        9.94801374143231     
  5.000000000000000E-003
        1010   19.1506077089933        9.94830158522566     
  5.000000000000000E-003
        1011   19.1495302511201        9.94858996568315     
  5.000000000000000E-003
        1012   19.1484529898573        9.94887888632308     
  5.000000000000000E-003
        1013   19.1473759265175        9.94916835075220     
  5.000000000000000E-003
        1014   19.1462990624460        9.94945836266637     
  5.000000000000000E-003
        1015   19.1452223990206        9.94974892585109     
  5.000000000000000E-003
        1016   19.1441459376520        9.95004004418216     
  5.000000000000000E-003
        1017   19.1430696797838        9.95033172162633     
  5.000000000000000E-003
        1018   19.1419936268933        9.95062396224194     
  5.000000000000000E-003
        1019   19.1409177804911        9.95091677017959     
  5.000000000000000E-003
        1020   19.1398421421218        9.95121014968283     
  5.000000000000000E-003
        1021   19.1387667133640        9.95150410508888     
  5.000000000000000E-003
        1022   19.1376914958306        9.95179864082933     
  5.000000000000000E-003
        1023   19.1366164911693        9.95209376143092     
  5.000000000000000E-003
        1024   19.1355417010625        9.95238947151624     
  5.000000000000000E-003
        1025   19.1344671272279        9.95268577580456     
  5.000000000000000E-003
        1026   19.1333927714187        9.95298267911260     
  5.000000000000000E-003
        1027   19.1323186354237        9.95328018635540     
  5.000000000000000E-003
        1028   19.1312447210680        9.95357830254707     
  5.000000000000000E-003
        1029   19.1301710302130        9.95387703280174     
  5.000000000000000E-003
        1030   19.1290975647567        9.95417638233441     
  5.000000000000000E-003
        1031   19.1280243266343        9.95447635646186     
  5.000000000000000E-003
        1032   19.1269513178183        9.95477696060359     
  5.000000000000000E-003
        1033   19.1258785403191        9.95507820028275     
  5.000000000000000E-003
        1034   19.1248059961849        9.95538008112717     
  5.000000000000000E-003
        1035   19.1237336875027        9.95568260887034     
  5.000000000000000E-003
        1036   19.1226616163979        9.95598578935246     
  5.000000000000000E-003
        1037   19.1215897850356        9.95628962852150     
  5.000000000000000E-003
        1038   19.1205181956203        9.95659413243429     
  5.000000000000000E-003
        1039   19.1194468503964        9.95689930725766     
  5.000000000000000E-003
        1040   19.1183757516490        9.95720515926959     
  5.000000000000000E-003
        1041   19.1173049017040        9.95751169486040     
  5.000000000000000E-003
        1042   19.1162343029285        9.95781892053395     
  5.000000000000000E-003
        1043   19.1151639577317        9.95812684290896     
  5.000000000000000E-003
        1044   19.1140938685647        9.95843546872023     
  5.000000000000000E-003
        1045   19.1130240379216        9.95874480482002     
  5.000000000000000E-003
        1046   19.1119544683396        9.95905485817939     
  5.000000000000000E-003
        1047   19.1108851623998        9.95936563588965     
  5.000000000000000E-003
        1048   19.1098161227274        9.95967714516375     
  5.000000000000000E-003
        1049   19.1087473519926        9.95998939333781     
  5.000000000000000E-003
        1050   19.1076788529110        9.96030238787268     
  5.000000000000000E-003
        1051   19.1066106282439        9.96061613635545     
  5.000000000000000E-003
        1052   19.1055426807995        9.96093064650118     
  5.000000000000000E-003
        1053   19.1044750134330        9.96124592615447     
  5.000000000000000E-003
        1054   19.1034076290473        9.96156198329129     
  5.000000000000000E-003
        1055   19.1023405305939        9.96187882602070     
  5.000000000000000E-003
        1056   19.1012737210734        9.96219646258671     
  5.000000000000000E-003
        1057   19.1002072035362        9.96251490137018     
  5.000000000000000E-003
        1058   19.0991409810832        9.96283415089077     
  5.000000000000000E-003
        1059   19.0980750568665        9.96315421980898     
  5.000000000000000E-003
        1060   19.0970094340903        9.96347511692818     
  5.000000000000000E-003
        1061   19.0959441160116        9.96379685119680     
  5.000000000000000E-003
        1062   19.0948791059410        9.96411943171056     
  5.000000000000000E-003
        1063   19.0938144072433        9.96444286771469     
  5.000000000000000E-003
        1064   19.0927500233390        9.96476716860639     
  5.000000000000000E-003
        1065   19.0916859577045        9.96509234393718     
  5.000000000000000E-003
        1066   19.0906222138734        9.96541840341550     
  5.000000000000000E-003
        1067   19.0895587954373        9.96574535690924     
  5.000000000000000E-003
        1068   19.0884957060468        9.96607321444852     
  5.000000000000000E-003
        1069   19.0874329494127        9.96640198622840     
  5.000000000000000E-003
        1070   19.0863705293068        9.96673168261180     
  5.000000000000000E-003
        1071   19.0853084495630        9.96706231413248     
  5.000000000000000E-003
        1072   19.0842467140787        9.96739389149812     
  5.000000000000000E-003
        1073   19.0831853268154        9.96772642559349     
  5.000000000000000E-003
        1074   19.0821242918007        9.96805992748379     
  5.000000000000000E-003
        1075   19.0810636131289        9.96839440841805     
  5.000000000000000E-003
        1076   19.0800032949624        9.96872987983267     
  5.000000000000000E-003
        1077   19.0789433415334        9.96906635335510     
  5.000000000000000E-003
        1078   19.0778837571447        9.96940384080765     
  5.000000000000000E-003
        1079   19.0768245461718        9.96974235421142     
  5.000000000000000E-003
        1080   19.0757657130637        9.97008190579041     
  5.000000000000000E-003
        1081   19.0747072623451        9.97042250797573     
  5.000000000000000E-003
        1082   19.0736491986174        9.97076417341005     
  5.000000000000000E-003
        1083   19.0725915265609        9.97110691495211     
  5.000000000000000E-003
        1084   19.0715342509362        9.97145074568154     
  5.000000000000000E-003
        1085   19.0704773765861        9.97179567890368     
  5.000000000000000E-003
        1086   19.0694209084373        9.97214172815482     
  5.000000000000000E-003
        1087   19.0683648515026        9.97248890720743     
  5.000000000000000E-003
        1088   19.0673092108827        9.97283723007571     
  5.000000000000000E-003
        1089   19.0662539917685        9.97318671102137     
  5.000000000000000E-003
        1090   19.0651991994431        9.97353736455956     
  5.000000000000000E-003
        1091   19.0641448392842        9.97388920546516     
  5.000000000000000E-003
        1092   19.0630909167660        9.97424224877919     
  5.000000000000000E-003
        1093   19.0620374374626        9.97459650981561     
  5.000000000000000E-003
        1094   19.0609844070496        9.97495200416832     
  5.000000000000000E-003
        1095   19.0599318313073        9.97530874771849     
  5.000000000000000E-003
        1096   19.0588797161234        9.97566675664222     
  5.000000000000000E-003
        1097   19.0578280674955        9.97602604741849     
  5.000000000000000E-003
        1098   19.0567768915350        9.97638663683745     
  5.000000000000000E-003
        1099   19.0557261944693        9.97674854200913     
  5.000000000000000E-003
        1100   19.0546759826457        9.97711178037248     
  5.000000000000000E-003
        1101   19.0536262625346        9.97747636970485     
  5.000000000000000E-003
        1102   19.0525770407331        9.97784232813186     
  5.000000000000000E-003
        1103   19.0515283239691        9.97820967413775     
  5.000000000000000E-003
        1104   19.0504801191047        9.97857842657620     
  5.000000000000000E-003
        1105   19.0494324331406        9.97894860468165     
  5.000000000000000E-003
        1106   19.0483852732206        9.97932022808114     
  5.000000000000000E-003
        1107   19.0473386466356        9.97969331680677     
  5.000000000000000E-003
        1108   19.0462925608290        9.98006789130864     
  5.000000000000000E-003
        1109   19.0452470234011        9.98044397246855     
  5.000000000000000E-003
        1110   19.0442020421145        9.98082158161430     
  5.000000000000000E-003
        1111   19.0431576248997        9.98120074053470     
  5.000000000000000E-003
        1112   19.0421137798608        9.98158147149535     
  5.000000000000000E-003
        1113   19.0410705152814        9.98196379725523     
  5.000000000000000E-003
        1114   19.0400278396309        9.98234774108408     
  5.000000000000000E-003
        1115   19.0389857615714        9.98273332678080     
  5.000000000000000E-003
        1116   19.0379442899647        9.98312057869268     
  5.000000000000000E-003
        1117   19.0369034338794        9.98350952173575     
  5.000000000000000E-003
        1118   19.0358632025990        9.98390018141617     
  5.000000000000000E-003
        1119   19.0348236056299        9.98429258385281     
  5.000000000000000E-003
        1120   19.0337846527104        9.98468675580106     
  5.000000000000000E-003
        1121   19.0327463538195        9.98508272467797     
  5.000000000000000E-003
        1122   19.0317087191866        9.98548051858881     
  5.000000000000000E-003
        1123   19.0306717593019        9.98588016635518     
  5.000000000000000E-003
        1124   19.0296354849272        9.98628169754465     
  5.000000000000000E-003
        1125   19.0285999071071        9.98668514250227     
  5.000000000000000E-003
        1126   19.0275650371814        9.98709053238382     
  5.000000000000000E-003
        1127   19.0265308867979        9.98749789919120     
  5.000000000000000E-003
        1128   19.0254974679259        9.98790727580984     
  5.000000000000000E-003
        1129   19.0244647928707        9.98831869604854     
  5.000000000000000E-003
        1130   19.0234328742893        9.98873219468172     
  5.000000000000000E-003
        1131   19.0224017252062        9.98914780749444     
  5.000000000000000E-003
        1132   19.0213713590316        9.98956557133025     
  5.000000000000000E-003
        1133   19.0203417895791        9.98998552414220     
  5.000000000000000E-003
        1134   19.0193130310862        9.99040770504729     
  5.000000000000000E-003
        1135   19.0182850982351        9.99083215438450     
  5.000000000000000E-003
        1136   19.0172580061753        9.99125891377684     
  5.000000000000000E-003
        1137   19.0162317705478        9.99168802619774     
  5.000000000000000E-003
        1138   19.0152064075111        9.99211953604207     
  5.000000000000000E-003
        1139   19.0141819337687        9.99255348920229     
  5.000000000000000E-003
        1140   19.0131583665988        9.99298993315015     
  5.000000000000000E-003
        1141   19.0121357238865        9.99342891702443     
  5.000000000000000E-003
        1142   19.0111140241580        9.99387049172527     
  5.000000000000000E-003
        1143   19.0100932866175        9.99431471001580     
  5.000000000000000E-003
        1144   19.0090735311870        9.99476162663160     
  5.000000000000000E-003
        1145   19.0080547785496        9.99521129839888     
  5.000000000000000E-003
        1146   19.0070370501959        9.99566378436225     
  5.000000000000000E-003
        1147   19.0060203684740        9.99611914592290     
  5.000000000000000E-003
        1148   19.0050047566443        9.99657744698842     
  5.000000000000000E-003
        1149   19.0039902389388        9.99703875413539     
  5.000000000000000E-003
        1150   19.0029768406252        9.99750313678608     
  5.000000000000000E-003
        1151   19.0019645880767        9.99797066740087     
  5.000000000000000E-003
        1152   19.0009535088491        9.99844142168806     
  5.000000000000000E-003
        1153   18.9999436317634        9.99891547883301     
  5.000000000000000E-003
        1154   18.9989349869975        9.99939292174897     
  5.000000000000000E-003
        1155   18.9979276061864        9.99987383735199     
  5.000000000000000E-003
        1156   18.9969215225316        10.0003583168629     
  5.000000000000000E-003
        1157   18.9959167709227        10.0008464561396     
  5.000000000000000E-003
        1158   18.9949133880702        10.0013383560437     
  5.000000000000000E-003
        1159   18.9939114126535        10.0018341228457     
  5.000000000000000E-003
        1160   18.9929108854838        10.0023338686738     
  5.000000000000000E-003
        1161   18.9919118496858        10.0028377120121     
  5.000000000000000E-003
        1162   18.9909143508998        10.0033457782559     
  5.000000000000000E-003
        1163   18.9899184375065        10.0038582003307     
  5.000000000000000E-003
        1164   18.9889241608801        10.0043751193853     
  5.000000000000000E-003
        1165   18.9879315756709        10.0048966855704     
  5.000000000000000E-003
        1166   18.9869407401243        10.0054230589142     
  5.000000000000000E-003
        1167   18.9859517164413        10.0059544103124     
  5.000000000000000E-003
        1168   18.9849645711866        10.0064909226495     
  5.000000000000000E-003
        1169   18.9839793757525        10.0070327920751     
  5.000000000000000E-003
        1170   18.9829962068900        10.0075802294602     
  5.000000000000000E-003
        1171   18.9820151473159        10.0081334620677     
  5.000000000000000E-003
        1172   18.9810362864132        10.0086927354753     
  5.000000000000000E-003
        1173   18.9800597210405        10.0092583157995     
  5.000000000000000E-003
        1174   18.9790855564727        10.0098304922811     
  5.000000000000000E-003
        1175   18.9781139075006        10.0104095803050     
  5.000000000000000E-003
        1176   18.9771448997225        10.0109959249498     
  5.000000000000000E-003
        1177   18.9761786710709        10.0115899051818     
  5.000000000000000E-003
        1178   18.9752153736286        10.0121919388453     
  5.000000000000000E-003
        1179   18.9742551758053        10.0128024886419     
  5.000000000000000E-003
        1180   18.9732982649638        10.0134220693469     
  5.000000000000000E-003
        1181   18.9723448506179        10.0140512565945     
  5.000000000000000E-003
        1182   18.9713951683591        10.0146906976672     
  5.000000000000000E-003
        1183   18.9704494847278        10.0153411248787     
  5.000000000000000E-003
        1184   18.9695081033220        10.0160033723577     
  5.000000000000000E-003
        1185   18.9685713725505        10.0166783973491     
  5.000000000000000E-003
        1186   18.9676396956063        10.0173673076171     
  5.000000000000000E-003
        1187   18.9667135434924        10.0180713972315     
  5.000000000000000E-003
        1188   18.9657934723226        10.0187921941027     
  5.000000000000000E-003
        1189   18.9648801467521        10.0195315243555     
  5.000000000000000E-003
        1190   18.9639743724183        10.0202916014606     
  5.000000000000000E-003
        1191   18.9630771420309        10.0210751528657     
  5.000000000000000E-003
        1192   18.9621897028615        10.0218856054211     
  5.000000000000000E-003
        1193   18.9613136591975        10.0227273668701     
  5.000000000000000E-003
        1194   18.9604511348309        10.0236062722835     
  5.000000000000000E-003
        1195   18.9596050451544        10.0245303316369     
  5.000000000000000E-003
        1196   18.9587795855672        10.0255110716947     
  5.000000000000000E-003
        1197   18.9579811929031        10.0265661775127     
  5.000000000000000E-003
        1198   18.9572206998906        10.0277254117678     
  5.000000000000000E-003
        1199   18.9565192246914        10.0290467961319     
  5.000000000000000E-003
        1200   18.9559312813750        10.0306801067807     
  5.000000000000000E-003
        1201   18.9560307319120        10.0342020165198     
  1.000000000000000E-002
        1202   18.9582183883235        10.0369638814776     
  1.000000000000000E-002
        1203   18.9597186508817        10.0378371473450     
  1.000000000000000E-002
        1204   18.9611053815570        10.0383984869278     
  1.000000000000000E-002
        1205   18.9624330944191        10.0387976764015     
  1.000000000000000E-002
        1206   18.9637229076295        10.0390927374381     
  1.000000000000000E-002
        1207   18.9649856539168        10.0393134327147     
  1.000000000000000E-002
        1208   18.9662277701149        10.0394774472867     
  1.000000000000000E-002
        1209   18.9674534516228        10.0395963079188     
  1.000000000000000E-002
        1210   18.9686656138333        10.0396780245864     
  1.000000000000000E-002
        1211   18.9698663805384        10.0397284323605     
  1.000000000000000E-002
        1212   18.9710573560256        10.0397519389842     
  1.000000000000000E-002
        1213   18.9722397875663        10.0397519713080     
  1.000000000000000E-002
        1214   18.9734146678703        10.0397312567794     
  1.000000000000000E-002
        1215   18.9745828025751        10.0396920088692     
  1.000000000000000E-002
        1216   18.9757448563357        10.0396360537023     
  1.000000000000000E-002
        1217   18.9769013852661        10.0395649191890     
  1.000000000000000E-002
        1218   18.9780528603690        10.0394798993990     
  1.000000000000000E-002
        1219   18.9791996848378        10.0393821020966     
  1.000000000000000E-002
        1220   18.9803422070811        10.0392724845268     
  1.000000000000000E-002
        1221   18.9814807306968        10.0391518808181     
  1.000000000000000E-002
        1222   18.9826155222254        10.0390210232844     
  1.000000000000000E-002
        1223   18.9837468172585        10.0388805592081     
  1.000000000000000E-002
        1224   18.9848748253096        10.0387310642233     
  1.000000000000000E-002
        1225   18.9859997337419        10.0385730531055     
  1.000000000000000E-002
        1226   18.9871217109648        10.0384069885560     
  1.000000000000000E-002
        1227   18.9882409090612        10.0382332884195     
  1.000000000000000E-002
        1228   18.9893574659637        10.0380523316621     
  1.000000000000000E-002
        1229   18.9904715072704        10.0378644633623     
  1.000000000000000E-002
        1230   18.9915831477722        10.0376699989052     
  1.000000000000000E-002
        1231   18.9926924927441        10.0374692275314     
  1.000000000000000E-002
        1232   18.9937996390446        10.0372624153576     
  1.000000000000000E-002
        1233   18.9949046760566        10.0370498079613     
  1.000000000000000E-002
        1234   18.9960076864970        10.0368316326055     
  1.000000000000000E-002
        1235   18.9971087471168        10.0366081001613     
  1.000000000000000E-002
        1236   18.9982079293084        10.0363794067782     
  1.000000000000000E-002
        1237   18.9993052996363        10.0361457353407     
  1.000000000000000E-002
        1238   19.0004009203016        10.0359072567444     
  1.000000000000000E-002
        1239   19.0014948495497        10.0356641310177     
  1.000000000000000E-002
        1240   19.0025871420310        10.0354165083110     
  1.000000000000000E-002
        1241   19.0036778491195        10.0351645297735     
  1.000000000000000E-002
        1242   19.0047670191961        10.0349083283305     
  1.000000000000000E-002
        1243   19.0058546979009        10.0346480293772     
  1.000000000000000E-002
        1244   19.0069409283587        10.0343837513979     
  1.000000000000000E-002
        1245   19.0080257513808        10.0341156065207     
  1.000000000000000E-002
        1246   19.0091092056464        10.0338437010160     
  1.000000000000000E-002
        1247   19.0101913278661        10.0335681357455     
  1.000000000000000E-002
        1248   19.0112721529295        10.0332890065672     
  1.000000000000000E-002
        1249   19.0123517140382        10.0330064047018     
  1.000000000000000E-002
        1250   19.0134300428270        10.0327204170654     
  1.000000000000000E-002
        1251   19.0145071694739        10.0324311265713     
  1.000000000000000E-002
        1252   19.0155831228000        10.0321386124047     
  1.000000000000000E-002
        1253   19.0166579303609        10.0318429502740     
  1.000000000000000E-002
        1254   19.0177316185299        10.0315442126397     
  1.000000000000000E-002
        1255   19.0188042125748        10.0312424689238     
  1.000000000000000E-002
        1256   19.0198757367274        10.0309377857031     
  1.000000000000000E-002
        1257   19.0209462142482        10.0306302268852     
  1.000000000000000E-002
        1258   19.0220156674854        10.0303198538711     
  1.000000000000000E-002
        1259   19.0230841179295        10.0300067257055     
  1.000000000000000E-002
        1260   19.0241515862635        10.0296908992147     
  1.000000000000000E-002
        1261   19.0252180924095        10.0293724291342     
  1.000000000000000E-002
        1262   19.0262836555717        10.0290513682271     
  1.000000000000000E-002
        1263   19.0273482942764        10.0287277673936     
  1.000000000000000E-002
        1264   19.0284120264085        10.0284016757725     
  1.000000000000000E-002
        1265   19.0294748692463        10.0280731408355     
  1.000000000000000E-002
        1266   19.0305368394934        10.0277422084750     
  1.000000000000000E-002
        1267   19.0315979533081        10.0274089230860     
  1.000000000000000E-002
        1268   19.0326582263315        10.0270733276419     
  1.000000000000000E-002
        1269   19.0337176737131        10.0267354637656     
  1.000000000000000E-002
        1270   19.0347763101352        10.0263953717962     
  1.000000000000000E-002
        1271   19.0358341498351        10.0260530908507     
  1.000000000000000E-002
        1272   19.0368912066266        10.0257086588821     
  1.000000000000000E-002
        1273   19.0379474939197        10.0253621127339     
  1.000000000000000E-002
        1274   19.0390030247391        10.0250134881912     
  1.000000000000000E-002
        1275   19.0400578117416        10.0246628200285     
  1.000000000000000E-002
        1276   19.0411118672326        10.0243101420546     
  1.000000000000000E-002
        1277   19.0421652031814        10.0239554871548     
  1.000000000000000E-002
        1278   19.0432178312359        10.0235988873310     
  1.000000000000000E-002
        1279   19.0442697627357        10.0232403737391     
  1.000000000000000E-002
        1280   19.0453210087255        10.0228799767242     
  1.000000000000000E-002
        1281   19.0463715799672        10.0225177258537     
  1.000000000000000E-002
        1282   19.0474214869508        10.0221536499492     
  1.000000000000000E-002
        1283   19.0484707399058        10.0217877771161     
  1.000000000000000E-002
        1284   19.0495193488113        10.0214201347714     
  1.000000000000000E-002
        1285   19.0505673234054        10.0210507496705     
  1.000000000000000E-002
        1286   19.0516146731946        10.0206796479322     
  1.000000000000000E-002
        1287   19.0526614074624        10.0203068550627     
  1.000000000000000E-002
        1288   19.0537075352775        10.0199323959781     
  1.000000000000000E-002
        1289   19.0547530655015        10.0195562950256     
  1.000000000000000E-002
        1290   19.0557980067966        10.0191785760041     
  1.000000000000000E-002
        1291   19.0568423676323        10.0187992621834     
  1.000000000000000E-002
        1292   19.0578861562921        10.0184183763225     
  1.000000000000000E-002
        1293   19.0589293808800        10.0180359406869     
  1.000000000000000E-002
        1294   19.0599720493266        10.0176519770654     
  1.000000000000000E-002
        1295   19.0610141693945        10.0172665067860     
  1.000000000000000E-002
        1296   19.0620557486841        10.0168795507302     
  1.000000000000000E-002
        1297   19.0630967946385        10.0164911293484     
  1.000000000000000E-002
        1298   19.0641373145490        10.0161012626725     
  1.000000000000000E-002
        1299   19.0651773155591        10.0157099703296     
  1.000000000000000E-002
        1300   19.0662168046697        10.0153172715541     
  1.000000000000000E-002
        1301   19.0672557887428        10.0149231851998     
  1.000000000000000E-002
        1302   19.0682942745062        10.0145277297508     
  1.000000000000000E-002
        1303   19.0693322685571        10.0141309233328     
  1.000000000000000E-002
        1304   19.0703697773659        10.0137327837231     
  1.000000000000000E-002
        1305   19.0714068072799        10.0133333283607     
  1.000000000000000E-002
        1306   19.0724433645266        10.0129325743557     
  1.000000000000000E-002
        1307   19.0734794552172        10.0125305384980     
  1.000000000000000E-002
        1308   19.0745150853494        10.0121272372669     
  1.000000000000000E-002
        1309   19.0755502608110        10.0117226868382     
  1.000000000000000E-002
        1310   19.0765849873821        10.0113169030933     
  1.000000000000000E-002
        1311   19.0776192707385        10.0109099016260     
  1.000000000000000E-002
        1312   19.0786531164540        10.0105016977502     
  1.000000000000000E-002
        1313   19.0796865300032        10.0100923065071     
  1.000000000000000E-002
        1314   19.0807195167636        10.0096817426714     
  1.000000000000000E-002
        1315   19.0817520820182        10.0092700207583     
  1.000000000000000E-002
        1316   19.0827842309581        10.0088571550296     
  1.000000000000000E-002
        1317   19.0838159686838        10.0084431594994     
  1.000000000000000E-002
        1318   19.0848473002081        10.0080280479401     
  1.000000000000000E-002
        1319   19.0858782304580        10.0076118338882     
  1.000000000000000E-002
        1320   19.0869087642760        10.0071945306489     
  1.000000000000000E-002
        1321   19.0879389064229        10.0067761513019     
  1.000000000000000E-002
        1322   19.0889686615788        10.0063567087059     
  1.000000000000000E-002
        1323   19.0899980343453        10.0059362155035     
  1.000000000000000E-002
        1324   19.0910270292469        10.0055146841259     
  1.000000000000000E-002
        1325   19.0920556507327        10.0050921267971     
  1.000000000000000E-002
        1326   19.0930839031782        10.0046685555382     
  1.000000000000000E-002
        1327   19.0941117908863        10.0042439821715     
  1.000000000000000E-002
        1328   19.0951393180890        10.0038184183244     
  1.000000000000000E-002
        1329   19.0961664889488        10.0033918754333     
  1.000000000000000E-002
        1330   19.0971933075601        10.0029643647474     
  1.000000000000000E-002
        1331   19.0982197779503        10.0025358973317     
  1.000000000000000E-002
        1332   19.0992459040810        10.0021064840710     
  1.000000000000000E-002
        1333   19.1002716898496        10.0016761356730     
  1.000000000000000E-002
        1334   19.1012971390901        10.0012448626716     
  1.000000000000000E-002
        1335   19.1023222555742        10.0008126754295     
  1.000000000000000E-002
        1336   19.1033470430126        10.0003795841419     
  1.000000000000000E-002
        1337   19.1043715050560        9.99994559883885     
  1.000000000000000E-002
        1338   19.1053956452960        9.99951072938829     
  1.000000000000000E-002
        1339   19.1064194672663        9.99907498549864     
  1.000000000000000E-002
        1340   19.1074429744432        9.99863837672143     
  1.000000000000000E-002
        1341   19.1084661702470        9.99820091245383     
  1.000000000000000E-002
        1342   19.1094890580429        9.99776260194111     
  1.000000000000000E-002
        1343   19.1105116411412        9.99732345427896     
  1.000000000000000E-002
        1344   19.1115339227991        9.99688347841581     
  1.000000000000000E-002
        1345   19.1125559062206        9.99644268315506     
  1.000000000000000E-002
        1346   19.1135775945579        9.99600107715718     
  1.000000000000000E-002
        1347   19.1145989909120        9.99555866894184     
  1.000000000000000E-002
        1348   19.1156200983331        9.99511546688989     
  1.000000000000000E-002
        1349   19.1166409198219        9.99467147924536     
  1.000000000000000E-002
        1350   19.1176614583299        9.99422671411731     
  1.000000000000000E-002
        1351   19.1186817167600        9.99378117948168     
  1.000000000000000E-002
        1352   19.1197016979675        9.99333488318311     
  1.000000000000000E-002
        1353   19.1207214047604        9.99288783293662     
  1.000000000000000E-002
        1354   19.1217408399002        9.99244003632934     
  1.000000000000000E-002
        1355   19.1227600061024        9.99199150082208     
  1.000000000000000E-002
        1356   19.1237789060371        9.99154223375099     
  1.000000000000000E-002
        1357   19.1247975423296        9.99109224232902     
  1.000000000000000E-002
        1358   19.1258159175610        9.99064153364746     
  1.000000000000000E-002
        1359   19.1268340342686        9.99019011467738     
  1.000000000000000E-002
        1360   19.1278518949463        9.98973799227103     
  1.000000000000000E-002
        1361   19.1288695020453        9.98928517316324     
  1.000000000000000E-002
        1362   19.1298868579748        9.98883166397269     
  1.000000000000000E-002
        1363   19.1309039651020        9.98837747120327     
  1.000000000000000E-002
        1364   19.1319208257526        9.98792260124529     
  1.000000000000000E-002
        1365   19.1329374422118        9.98746706037674     
  1.000000000000000E-002
        1366   19.1339538167241        9.98701085476442     
  1.000000000000000E-002
        1367   19.1349699514939        9.98655399046520     
  1.000000000000000E-002
        1368   19.1359858486861        9.98609647342702     
  1.000000000000000E-002
        1369   19.1370015104265        9.98563830949009     
  1.000000000000000E-002
        1370   19.1380169388018        9.98517950438790     
  1.000000000000000E-002
        1371   19.1390321358604        9.98472006374827     
  1.000000000000000E-002
        1372   19.1400471036125        9.98425999309437     
  1.000000000000000E-002
        1373   19.1410618440308        9.98379929784570     
  1.000000000000000E-002
        1374   19.1420763590503        9.98333798331902     
  1.000000000000000E-002
        1375   19.1430906505691        9.98287605472934     
  1.000000000000000E-002
        1376   19.1441047204486        9.98241351719078     
  1.000000000000000E-002
        1377   19.1451185705139        9.98195037571748     
  1.000000000000000E-002
        1378   19.1461322025539        9.98148663522445     
  1.000000000000000E-002
        1379   19.1471456183216        9.98102230052842     
  1.000000000000000E-002
        1380   19.1481588195348        9.98055737634865     
  1.000000000000000E-002
        1381   19.1491718078760        9.98009186730776     
  1.000000000000000E-002
        1382   19.1501845849927        9.97962577793246     
  1.000000000000000E-002
        1383   19.1511971524979        9.97915911265435     
  1.000000000000000E-002
        1384   19.1522095119703        9.97869187581065     
  1.000000000000000E-002
        1385   19.1532216649543        9.97822407164490     
  1.000000000000000E-002
        1386   19.1542336129607        9.97775570430772     
  1.000000000000000E-002
        1387   19.1552453574666        9.97728677785745     
  1.000000000000000E-002
        1388   19.1562568999157        9.97681729626081     
  1.000000000000000E-002
        1389   19.1572682417187        9.97634726339363     
  1.000000000000000E-002
        1390   19.1582793842535        9.97587668304141     
  1.000000000000000E-002
        1391   19.1592903288652        9.97540555889998     
  1.000000000000000E-002
        1392   19.1603010768666        9.97493389457612     
  1.000000000000000E-002
        1393   19.1613116295382        9.97446169358813     
  1.000000000000000E-002
        1394   19.1623219881286        9.97398895936643     
  1.000000000000000E-002
        1395   19.1633321538546        9.97351569525411     
  1.000000000000000E-002
        1396   19.1643421279014        9.97304190450752     
  1.000000000000000E-002
        1397   19.1653519114228        9.97256759029676     
  1.000000000000000E-002
        1398   19.1663615055415        9.97209275570627     
  1.000000000000000E-002
        1399   19.1673709113491        9.97161740373528     
  1.000000000000000E-002
        1400   19.1683801299064        9.97114153729839     
  1.000000000000000E-002
        1401   19.1693891622436        9.97066515922601     
  1.000000000000000E-002
        1402   19.1703980093605        9.97018827226484     
  1.000000000000000E-002
        1403   19.1714066722264        9.96971087907839     
  1.000000000000000E-002
        1404   19.1724151517807        9.96923298224741     
  1.000000000000000E-002
        1405   19.1734234489328        9.96875458427034     
  1.000000000000000E-002
        1406   19.1744315645621        9.96827568756376     
  1.000000000000000E-002
        1407   19.1754394995187        9.96779629446281     
  1.000000000000000E-002
        1408   19.1764472546229        9.96731640722164     
  1.000000000000000E-002
        1409   19.1774548306659        9.96683602801380     
  1.000000000000000E-002
        1410   19.1784622284096        9.96635515893264     
  1.000000000000000E-002
        1411   19.1794694485869        9.96587380199174     
  1.000000000000000E-002
        1412   19.1804764919017        9.96539195912525     
  1.000000000000000E-002
        1413   19.1814833590293        9.96490963218831     
  1.000000000000000E-002
        1414   19.1824900506163        9.96442682295739     
  1.000000000000000E-002
        1415   19.1834965672807        9.96394353313068     
  1.000000000000000E-002
        1416   19.1845029096122        9.96345976432844     
  1.000000000000000E-002
        1417   19.1855090781724        9.96297551809332     
  1.000000000000000E-002
        1418   19.1865150734946        9.96249079589073     
  1.000000000000000E-002
        1419   19.1875208960842        9.96200559910918     
  1.000000000000000E-002
        1420   19.1885265464186        9.96151992906059     
  1.000000000000000E-002
        1421   19.1895320249477        9.96103378698059     
  1.000000000000000E-002
        1422   19.1905373320935        9.96054717402889     
  1.000000000000000E-002
        1423   19.1915424682506        9.96006009128954     
  1.000000000000000E-002
        1424   19.1925474337861        9.95957253977125     
  1.000000000000000E-002
        1425   19.1935522290398        9.95908452040766     
  1.000000000000000E-002
        1426   19.1945568543244        9.95859603405769     
  1.000000000000000E-002
        1427   19.1955613099254        9.95810708150576     
  1.000000000000000E-002
        1428   19.1965655961012        9.95761766346209     
  1.000000000000000E-002
        1429   19.1975697130835        9.95712778056298     
  1.000000000000000E-002
        1430   19.1985736610770        9.95663743337107     
  1.000000000000000E-002
        1431   19.1995774402598        9.95614662237561     
  1.000000000000000E-002
        1432   19.2005810507834        9.95565534799269     
  1.000000000000000E-002
        1433   19.2015844927727        9.95516361056553     
  1.000000000000000E-002
        1434   19.2025877663261        9.95467141036470     
  1.000000000000000E-002
        1435   19.2035908715158        9.95417874758837     
  1.000000000000000E-002
        1436   19.2045938083877        9.95368562236253     
  1.000000000000000E-002
        1437   19.2055965769613        9.95319203474128     
  1.000000000000000E-002
        1438   19.2065991772304        9.95269798470697     
  1.000000000000000E-002
        1439   19.2076016091625        9.95220347217051     
  1.000000000000000E-002
        1440   19.2086038726992        9.95170849697153     
  1.000000000000000E-002
        1441   19.2096059677563        9.95121305887862     
  1.000000000000000E-002
        1442   19.2106078942238        9.95071715758954     
  1.000000000000000E-002
        1443   19.2116096519659        9.95022079273143     
  1.000000000000000E-002
        1444   19.2126112408214        9.94972396386100     
  1.000000000000000E-002
        1445   19.2136126606033        9.94922667046475     
  1.000000000000000E-002
        1446   19.2146139110992        9.94872891195915     
  1.000000000000000E-002
        1447   19.2156149920714        9.94823068769084     
  1.000000000000000E-002
        1448   19.2166159032567        9.94773199693683     
  1.000000000000000E-002
        1449   19.2176166443666        9.94723283890465     
  1.000000000000000E-002
        1450   19.2186172150875        9.94673321273258     
  1.000000000000000E-002
        1451   19.2196176150807        9.94623311748978     
  1.000000000000000E-002
        1452   19.2206178439821        9.94573255217652     
  1.000000000000000E-002
        1453   19.2216179014031        9.94523151572429     
  1.000000000000000E-002
        1454   19.2226177869296        9.94473000699604     
  1.000000000000000E-002
        1455   19.2236175001229        9.94422802478629     
  1.000000000000000E-002
        1456   19.2246170405195        9.94372556782131     
  1.000000000000000E-002
        1457   19.2256164076309        9.94322263475929     
  1.000000000000000E-002
        1458   19.2266156009441        9.94271922419050     
  1.000000000000000E-002
        1459   19.2276146199213        9.94221533463742     
  1.000000000000000E-002
        1460   19.2286134640000        9.94171096455493     
  1.000000000000000E-002
        1461   19.2296121325934        9.94120611233043     
  1.000000000000000E-002
        1462   19.2306106250900        9.94070077628399     
  1.000000000000000E-002
        1463   19.2316089408540        9.94019495466852     
  1.000000000000000E-002
        1464   19.2326070792250        9.93968864566987     
  1.000000000000000E-002
        1465   19.2336050395183        9.93918184740703     
  1.000000000000000E-002
        1466   19.2346028210252        9.93867455793218     
  1.000000000000000E-002
        1467   19.2356004230123        9.93816677523093     
  1.000000000000000E-002
        1468   19.2365978447222        9.93765849722237     
  1.000000000000000E-002
        1469   19.2375950853736        9.93714972175923     
  1.000000000000000E-002
        1470   19.2385921441606        9.93664044662802     
  1.000000000000000E-002
        1471   19.2395890202536        9.93613066954912     
  1.000000000000000E-002
        1472   19.2405857127988        9.93562038817697     
  1.000000000000000E-002
        1473   19.2415822209187        9.93510960010011     
  1.000000000000000E-002
        1474   19.2425785437114        9.93459830284137     
  1.000000000000000E-002
        1475   19.2435746802517        9.93408649385794     
  1.000000000000000E-002
        1476   19.2445706295900        9.93357417054151     
  1.000000000000000E-002
        1477   19.2455663907533        9.93306133021838     
  1.000000000000000E-002
        1478   19.2465619627446        9.93254797014957     
  1.000000000000000E-002
        1479   19.2475573445433        9.93203408753095     
  1.000000000000000E-002
        1480   19.2485525351052        9.93151967949330     
  1.000000000000000E-002
        1481   19.2495475333622        9.93100474310247     
  1.000000000000000E-002
        1482   19.2505423382229        9.93048927535945     
  1.000000000000000E-002
        1483   19.2515369485720        9.92997327320050     
  1.000000000000000E-002
        1484   19.2525313632710        9.92945673349723     
  1.000000000000000E-002
        1485   19.2535255811578        9.92893965305671     
  1.000000000000000E-002
        1486   19.2545196010467        9.92842202862156     
  1.000000000000000E-002
        1487   19.2555134217288        9.92790385687009     
  1.000000000000000E-002
        1488   19.2565070419716        9.92738513441631     
  1.000000000000000E-002
        1489   19.2575004605194        9.92686585781011     
  1.000000000000000E-002
        1490   19.2584936760932        9.92634602353731     
  1.000000000000000E-002
        1491   19.2594866873905        9.92582562801975     
  1.000000000000000E-002
        1492   19.2604794930860        9.92530466761540     
  1.000000000000000E-002
        1493   19.2614720918306        9.92478313861843     
  1.000000000000000E-002
        1494   19.2624644822524        9.92426103725930     
  1.000000000000000E-002
        1495   19.2634566629563        9.92373835970487     
  1.000000000000000E-002
        1496   19.2644486325240        9.92321510205845     
  1.000000000000000E-002
        1497   19.2654403895141        9.92269126035988     
  1.000000000000000E-002
        1498   19.2664319324621        9.92216683058567     
  1.000000000000000E-002
        1499   19.2674232598807        9.92164180864901     
  1.000000000000000E-002
        1500   19.2684143702592        9.92111619039988     
  1.000000000000000E-002
        1501   19.2692616130920        9.92019529931732     
  1.000000000000000E-002
        1502   19.2680206500502        9.92003445301611     
  1.000000000000000E-002
        1503   19.2669235545543        9.92026887954834     
  1.000000000000000E-002
        1504   19.2658266760983        9.92050390239302     
  1.000000000000000E-002
        1505   19.2647300131718        9.92073951740016     
  1.000000000000000E-002
        1506   19.2636335642873        9.92097572048295     
  1.000000000000000E-002
        1507   19.2625373279805        9.92121250761787     
  1.000000000000000E-002
        1508   19.2614413028098        9.92144987484479     
  1.000000000000000E-002
        1509   19.2603454873571        9.92168781826702     
  1.000000000000000E-002
        1510   19.2592498802272        9.92192633405139     
  1.000000000000000E-002
        1511   19.2581544800481        9.92216541842839     
  1.000000000000000E-002
        1512   19.2570592854710        9.92240506769218     
  1.000000000000000E-002
        1513   19.2559642951702        9.92264527820073     
  1.000000000000000E-002
        1514   19.2548695078435        9.92288604637588     
  1.000000000000000E-002
        1515   19.2537749222118        9.92312736870345     
  1.000000000000000E-002
        1516   19.2526805370193        9.92336924173333     
  1.000000000000000E-002
        1517   19.2515863510337        9.92361166207954     
  1.000000000000000E-002
        1518   19.2504923630459        9.92385462642037     
  1.000000000000000E-002
        1519   19.2493985718704        9.92409813149844     
  1.000000000000000E-002
        1520   19.2483049763450        9.92434217412084     
  1.000000000000000E-002
        1521   19.2472115753311        9.92458675115918     
  1.000000000000000E-002
        1522   19.2461183677136        9.92483185954969     
  1.000000000000000E-002
        1523   19.2450253524009        9.92507749629339     
  1.000000000000000E-002
        1524   19.2439325283251        9.92532365845612     
  1.000000000000000E-002
        1525   19.2428398944419        9.92557034316866     
  1.000000000000000E-002
        1526   19.2417474497307        9.92581754762688     
  1.000000000000000E-002
        1527   19.2406551931944        9.92606526909180     
  1.000000000000000E-002
        1528   19.2395631238601        9.92631350488972     
  1.000000000000000E-002
        1529   19.2384712407784        9.92656225241233     
  1.000000000000000E-002
        1530   19.2373795430237        9.92681150911682     
  1.000000000000000E-002
        1531   19.2362880296944        9.92706127252602     
  1.000000000000000E-002
        1532   19.2351966999129        9.92731154022847     
  1.000000000000000E-002
        1533   19.2341055528254        9.92756230987861     
  1.000000000000000E-002
        1534   19.2330145876021        9.92781357919682     
  1.000000000000000E-002
        1535   19.2319238034376        9.92806534596961     
  1.000000000000000E-002
        1536   19.2308331995502        9.92831760804971     
  1.000000000000000E-002
        1537   19.2297427751825        9.92857036335622     
  1.000000000000000E-002
        1538   19.2286525296013        9.92882360987472     
  1.000000000000000E-002
        1539   19.2275624620977        9.92907734565742     
  1.000000000000000E-002
        1540   19.2264725719872        9.92933156882330     
  1.000000000000000E-002
        1541   19.2253828586092        9.92958627755821     
  1.000000000000000E-002
        1542   19.2242933213281        9.92984147011506     
  1.000000000000000E-002
        1543   19.2232039595323        9.93009714481392     
  1.000000000000000E-002
        1544   19.2221147726349        9.93035330004219     
  1.000000000000000E-002
        1545   19.2210257600736        9.93060993425475     
  1.000000000000000E-002
        1546   19.2199369213105        9.93086704597408     
  1.000000000000000E-002
        1547   19.2188482558325        9.93112463379045     
  1.000000000000000E-002
        1548   19.2177597631513        9.93138269636205     
  1.000000000000000E-002
        1549   19.2166714428033        9.93164123241515     
  1.000000000000000E-002
        1550   19.2155832943497        9.93190024074427     
  1.000000000000000E-002
        1551   19.2144953173767        9.93215972021236     
  1.000000000000000E-002
        1552   19.2134075114953        9.93241966975091     
  1.000000000000000E-002
        1553   19.2123198763417        9.93268008836019     
  1.000000000000000E-002
        1554   19.2112324115771        9.93294097510936     
  1.000000000000000E-002
        1555   19.2101451168878        9.93320232913670     
  1.000000000000000E-002
        1556   19.2090579919854        9.93346414964974     
  1.000000000000000E-002
        1557   19.2079710366068        9.93372643592549     
  1.000000000000000E-002
        1558   19.2068842505142        9.93398918731059     
  1.000000000000000E-002
        1559   19.2057976334951        9.93425240322152     
  1.000000000000000E-002
        1560   19.2047111853627        9.93451608314475     
  1.000000000000000E-002
        1561   19.2036249059557        9.93478022663702     
  1.000000000000000E-002
        1562   19.2025387951382        9.93504483332546     
  1.000000000000000E-002
        1563   19.2014528528004        9.93530990290783     
  1.000000000000000E-002
        1564   19.2003670788579        9.93557543515272     
  1.000000000000000E-002
        1565   19.1992814732525        9.93584142989976     
  1.000000000000000E-002
        1566   19.1981960359517        9.93610788705986     
  1.000000000000000E-002
        1567   19.1971107669490        9.93637480661537     
  1.000000000000000E-002
        1568   19.1960256662642        9.93664218862039     
  1.000000000000000E-002
        1569   19.1949407339431        9.93691003320091     
  1.000000000000000E-002
        1570   19.1938559700578        9.93717834055510     
  1.000000000000000E-002
        1571   19.1927713747069        9.93744711095353     
  1.000000000000000E-002
        1572   19.1916869480151        9.93771634473942     
  1.000000000000000E-002
        1573   19.1906026901341        9.93798604232886     
  1.000000000000000E-002
        1574   19.1895186012419        9.93825620421110     
  1.000000000000000E-002
        1575   19.1884346815432        9.93852683094878     
  1.000000000000000E-002
        1576   19.1873509312696        9.93879792317820     
  1.000000000000000E-002
        1577   19.1862673506796        9.93906948160958     
  1.000000000000000E-002
        1578   19.1851839400588        9.93934150702734     
  1.000000000000000E-002
        1579   19.1841006997198        9.93961400029040     
  1.000000000000000E-002
        1580   19.1830176300023        9.93988696233239     
  1.000000000000000E-002
        1581   19.1819347312736        9.94016039416205     
  1.000000000000000E-002
        1582   19.1808520039282        9.94043429686340     
  1.000000000000000E-002
        1583   19.1797694483881        9.94070867159616     
  1.000000000000000E-002
        1584   19.1786870651031        9.94098351959596     
  1.000000000000000E-002
        1585   19.1776048545508        9.94125884217472     
  1.000000000000000E-002
        1586   19.1765228172365        9.94153464072095     
  1.000000000000000E-002
        1587   19.1754409536935        9.94181091670006     
  1.000000000000000E-002
        1588   19.1743592644833        9.94208767165470     
  1.000000000000000E-002
        1589   19.1732777501957        9.94236490720513     
  1.000000000000000E-002
        1590   19.1721964114488        9.94264262504954     
  1.000000000000000E-002
        1591   19.1711152488891        9.94292082696440     
  1.000000000000000E-002
        1592   19.1700342631918        9.94319951480485     
  1.000000000000000E-002
        1593   19.1689534550610        9.94347869050504     
  1.000000000000000E-002
        1594   19.1678728252295        9.94375835607855     
  1.000000000000000E-002
        1595   19.1667923744592        9.94403851361873     
  1.000000000000000E-002
        1596   19.1657121035412        9.94431916529913     
  1.000000000000000E-002
        1597   19.1646320132960        9.94460031337390     
  1.000000000000000E-002
        1598   19.1635521045735        9.94488196017817     
  1.000000000000000E-002
        1599   19.1624723782533        9.94516410812854     
  1.000000000000000E-002
        1600   19.1613928352447        9.94544675972345     
  1.000000000000000E-002
        1601   19.1603134764870        9.94572991754363     
  1.000000000000000E-002
        1602   19.1592343029497        9.94601358425260     
  1.000000000000000E-002
        1603   19.1581553156325        9.94629776259706     
  1.000000000000000E-002
        1604   19.1570765155655        9.94658245540742     
  1.000000000000000E-002
        1605   19.1559979038097        9.94686766559828     
  1.000000000000000E-002
        1606   19.1549194814566        9.94715339616887     
  1.000000000000000E-002
        1607   19.1538412496289        9.94743965020363     
  1.000000000000000E-002
        1608   19.1527632094803        9.94772643087266     
  1.000000000000000E-002
        1609   19.1516853621962        9.94801374143231     
  1.000000000000000E-002
        1610   19.1506077089933        9.94830158522566     
  1.000000000000000E-002
        1611   19.1495302511201        9.94858996568315     
  1.000000000000000E-002
        1612   19.1484529898573        9.94887888632308     
  1.000000000000000E-002
        1613   19.1473759265175        9.94916835075220     
  1.000000000000000E-002
        1614   19.1462990624460        9.94945836266637     
  1.000000000000000E-002
        1615   19.1452223990206        9.94974892585109     
  1.000000000000000E-002
        1616   19.1441459376520        9.95004004418216     
  1.000000000000000E-002
        1617   19.1430696797838        9.95033172162633     
  1.000000000000000E-002
        1618   19.1419936268933        9.95062396224194     
  1.000000000000000E-002
        1619   19.1409177804911        9.95091677017959     
  1.000000000000000E-002
        1620   19.1398421421218        9.95121014968283     
  1.000000000000000E-002
        1621   19.1387667133640        9.95150410508888     
  1.000000000000000E-002
        1622   19.1376914958306        9.95179864082933     
  1.000000000000000E-002
        1623   19.1366164911693        9.95209376143092     
  1.000000000000000E-002
        1624   19.1355417010625        9.95238947151624     
  1.000000000000000E-002
        1625   19.1344671272279        9.95268577580456     
  1.000000000000000E-002
        1626   19.1333927714187        9.95298267911260     
  1.000000000000000E-002
        1627   19.1323186354237        9.95328018635540     
  1.000000000000000E-002
        1628   19.1312447210680        9.95357830254707     
  1.000000000000000E-002
        1629   19.1301710302130        9.95387703280174     
  1.000000000000000E-002
        1630   19.1290975647567        9.95417638233441     
  1.000000000000000E-002
        1631   19.1280243266343        9.95447635646186     
  1.000000000000000E-002
        1632   19.1269513178183        9.95477696060359     
  1.000000000000000E-002
        1633   19.1258785403191        9.95507820028275     
  1.000000000000000E-002
        1634   19.1248059961849        9.95538008112717     
  1.000000000000000E-002
        1635   19.1237336875027        9.95568260887034     
  1.000000000000000E-002
        1636   19.1226616163979        9.95598578935246     
  1.000000000000000E-002
        1637   19.1215897850356        9.95628962852150     
  1.000000000000000E-002
        1638   19.1205181956203        9.95659413243429     
  1.000000000000000E-002
        1639   19.1194468503964        9.95689930725766     
  1.000000000000000E-002
        1640   19.1183757516490        9.95720515926959     
  1.000000000000000E-002
        1641   19.1173049017040        9.95751169486040     
  1.000000000000000E-002
        1642   19.1162343029285        9.95781892053395     
  1.000000000000000E-002
        1643   19.1151639577317        9.95812684290896     
  1.000000000000000E-002
        1644   19.1140938685647        9.95843546872023     
  1.000000000000000E-002
        1645   19.1130240379216        9.95874480482002     
  1.000000000000000E-002
        1646   19.1119544683396        9.95905485817939     
  1.000000000000000E-002
        1647   19.1108851623998        9.95936563588965     
  1.000000000000000E-002
        1648   19.1098161227274        9.95967714516375     
  1.000000000000000E-002
        1649   19.1087473519926        9.95998939333781     
  1.000000000000000E-002
        1650   19.1076788529110        9.96030238787268     
  1.000000000000000E-002
        1651   19.1066106282439        9.96061613635545     
  1.000000000000000E-002
        1652   19.1055426807995        9.96093064650118     
  1.000000000000000E-002
        1653   19.1044750134330        9.96124592615447     
  1.000000000000000E-002
        1654   19.1034076290473        9.96156198329129     
  1.000000000000000E-002
        1655   19.1023405305939        9.96187882602070     
  1.000000000000000E-002
        1656   19.1012737210734        9.96219646258671     
  1.000000000000000E-002
        1657   19.1002072035362        9.96251490137018     
  1.000000000000000E-002
        1658   19.0991409810832        9.96283415089077     
  1.000000000000000E-002
        1659   19.0980750568665        9.96315421980898     
  1.000000000000000E-002
        1660   19.0970094340903        9.96347511692818     
  1.000000000000000E-002
        1661   19.0959441160116        9.96379685119680     
  1.000000000000000E-002
        1662   19.0948791059410        9.96411943171056     
  1.000000000000000E-002
        1663   19.0938144072433        9.96444286771469     
  1.000000000000000E-002
        1664   19.0927500233390        9.96476716860639     
  1.000000000000000E-002
        1665   19.0916859577045        9.96509234393718     
  1.000000000000000E-002
        1666   19.0906222138734        9.96541840341550     
  1.000000000000000E-002
        1667   19.0895587954373        9.96574535690924     
  1.000000000000000E-002
        1668   19.0884957060468        9.96607321444852     
  1.000000000000000E-002
        1669   19.0874329494127        9.96640198622840     
  1.000000000000000E-002
        1670   19.0863705293068        9.96673168261180     
  1.000000000000000E-002
        1671   19.0853084495630        9.96706231413248     
  1.000000000000000E-002
        1672   19.0842467140787        9.96739389149812     
  1.000000000000000E-002
        1673   19.0831853268154        9.96772642559349     
  1.000000000000000E-002
        1674   19.0821242918007        9.96805992748379     
  1.000000000000000E-002
        1675   19.0810636131289        9.96839440841805     
  1.000000000000000E-002
        1676   19.0800032949624        9.96872987983267     
  1.000000000000000E-002
        1677   19.0789433415334        9.96906635335510     
  1.000000000000000E-002
        1678   19.0778837571447        9.96940384080765     
  1.000000000000000E-002
        1679   19.0768245461718        9.96974235421142     
  1.000000000000000E-002
        1680   19.0757657130637        9.97008190579041     
  1.000000000000000E-002
        1681   19.0747072623451        9.97042250797573     
  1.000000000000000E-002
        1682   19.0736491986174        9.97076417341005     
  1.000000000000000E-002
        1683   19.0725915265609        9.97110691495211     
  1.000000000000000E-002
        1684   19.0715342509362        9.97145074568154     
  1.000000000000000E-002
        1685   19.0704773765861        9.97179567890368     
  1.000000000000000E-002
        1686   19.0694209084373        9.97214172815482     
  1.000000000000000E-002
        1687   19.0683648515026        9.97248890720743     
  1.000000000000000E-002
        1688   19.0673092108827        9.97283723007571     
  1.000000000000000E-002
        1689   19.0662539917685        9.97318671102137     
  1.000000000000000E-002
        1690   19.0651991994431        9.97353736455956     
  1.000000000000000E-002
        1691   19.0641448392842        9.97388920546516     
  1.000000000000000E-002
        1692   19.0630909167660        9.97424224877919     
  1.000000000000000E-002
        1693   19.0620374374626        9.97459650981561     
  1.000000000000000E-002
        1694   19.0609844070496        9.97495200416832     
  1.000000000000000E-002
        1695   19.0599318313073        9.97530874771849     
  1.000000000000000E-002
        1696   19.0588797161234        9.97566675664222     
  1.000000000000000E-002
        1697   19.0578280674955        9.97602604741849     
  1.000000000000000E-002
        1698   19.0567768915350        9.97638663683745     
  1.000000000000000E-002
        1699   19.0557261944693        9.97674854200913     
  1.000000000000000E-002
        1700   19.0546759826457        9.97711178037248     
  1.000000000000000E-002
        1701   19.0536262625346        9.97747636970485     
  1.000000000000000E-002
        1702   19.0525770407331        9.97784232813186     
  1.000000000000000E-002
        1703   19.0515283239691        9.97820967413775     
  1.000000000000000E-002
        1704   19.0504801191047        9.97857842657620     
  1.000000000000000E-002
        1705   19.0494324331406        9.97894860468165     
  1.000000000000000E-002
        1706   19.0483852732206        9.97932022808114     
  1.000000000000000E-002
        1707   19.0473386466356        9.97969331680677     
  1.000000000000000E-002
        1708   19.0462925608290        9.98006789130864     
  1.000000000000000E-002
        1709   19.0452470234011        9.98044397246855     
  1.000000000000000E-002
        1710   19.0442020421145        9.98082158161430     
  1.000000000000000E-002
        1711   19.0431576248997        9.98120074053470     
  1.000000000000000E-002
        1712   19.0421137798608        9.98158147149535     
  1.000000000000000E-002
        1713   19.0410705152814        9.98196379725523     
  1.000000000000000E-002
        1714   19.0400278396309        9.98234774108408     
  1.000000000000000E-002
        1715   19.0389857615714        9.98273332678080     
  1.000000000000000E-002
        1716   19.0379442899647        9.98312057869268     
  1.000000000000000E-002
        1717   19.0369034338794        9.98350952173575     
  1.000000000000000E-002
        1718   19.0358632025990        9.98390018141617     
  1.000000000000000E-002
        1719   19.0348236056299        9.98429258385281     
  1.000000000000000E-002
        1720   19.0337846527104        9.98468675580106     
  1.000000000000000E-002
        1721   19.0327463538195        9.98508272467797     
  1.000000000000000E-002
        1722   19.0317087191866        9.98548051858881     
  1.000000000000000E-002
        1723   19.0306717593019        9.98588016635518     
  1.000000000000000E-002
        1724   19.0296354849272        9.98628169754465     
  1.000000000000000E-002
        1725   19.0285999071071        9.98668514250227     
  1.000000000000000E-002
        1726   19.0275650371814        9.98709053238382     
  1.000000000000000E-002
        1727   19.0265308867979        9.98749789919120     
  1.000000000000000E-002
        1728   19.0254974679259        9.98790727580984     
  1.000000000000000E-002
        1729   19.0244647928707        9.98831869604854     
  1.000000000000000E-002
        1730   19.0234328742893        9.98873219468172     
  1.000000000000000E-002
        1731   19.0224017252062        9.98914780749444     
  1.000000000000000E-002
        1732   19.0213713590316        9.98956557133025     
  1.000000000000000E-002
        1733   19.0203417895791        9.98998552414220     
  1.000000000000000E-002
        1734   19.0193130310862        9.99040770504729     
  1.000000000000000E-002
        1735   19.0182850982351        9.99083215438450     
  1.000000000000000E-002
        1736   19.0172580061753        9.99125891377684     
  1.000000000000000E-002
        1737   19.0162317705478        9.99168802619774     
  1.000000000000000E-002
        1738   19.0152064075111        9.99211953604207     
  1.000000000000000E-002
        1739   19.0141819337687        9.99255348920229     
  1.000000000000000E-002
        1740   19.0131583665988        9.99298993315015     
  1.000000000000000E-002
        1741   19.0121357238865        9.99342891702443     
  1.000000000000000E-002
        1742   19.0111140241580        9.99387049172527     
  1.000000000000000E-002
        1743   19.0100932866175        9.99431471001580     
  1.000000000000000E-002
        1744   19.0090735311870        9.99476162663160     
  1.000000000000000E-002
        1745   19.0080547785496        9.99521129839888     
  1.000000000000000E-002
        1746   19.0070370501959        9.99566378436225     
  1.000000000000000E-002
        1747   19.0060203684740        9.99611914592290     
  1.000000000000000E-002
        1748   19.0050047566443        9.99657744698842     
  1.000000000000000E-002
        1749   19.0039902389388        9.99703875413539     
  1.000000000000000E-002
        1750   19.0029768406252        9.99750313678608     
  1.000000000000000E-002
        1751   19.0019645880767        9.99797066740087     
  1.000000000000000E-002
        1752   19.0009535088491        9.99844142168806     
  1.000000000000000E-002
        1753   18.9999436317634        9.99891547883301     
  1.000000000000000E-002
        1754   18.9989349869975        9.99939292174897     
  1.000000000000000E-002
        1755   18.9979276061864        9.99987383735199     
  1.000000000000000E-002
        1756   18.9969215225316        10.0003583168629     
  1.000000000000000E-002
        1757   18.9959167709227        10.0008464561396     
  1.000000000000000E-002
        1758   18.9949133880702        10.0013383560437     
  1.000000000000000E-002
        1759   18.9939114126535        10.0018341228457     
  1.000000000000000E-002
        1760   18.9929108854838        10.0023338686738     
  1.000000000000000E-002
        1761   18.9919118496858        10.0028377120121     
  1.000000000000000E-002
        1762   18.9909143508998        10.0033457782559     
  1.000000000000000E-002
        1763   18.9899184375065        10.0038582003307     
  1.000000000000000E-002
        1764   18.9889241608801        10.0043751193853     
  1.000000000000000E-002
        1765   18.9879315756709        10.0048966855704     
  1.000000000000000E-002
        1766   18.9869407401243        10.0054230589142     
  1.000000000000000E-002
        1767   18.9859517164413        10.0059544103124     
  1.000000000000000E-002
        1768   18.9849645711866        10.0064909226495     
  1.000000000000000E-002
        1769   18.9839793757525        10.0070327920751     
  1.000000000000000E-002
        1770   18.9829962068900        10.0075802294602     
  1.000000000000000E-002
        1771   18.9820151473159        10.0081334620677     
  1.000000000000000E-002
        1772   18.9810362864132        10.0086927354753     
  1.000000000000000E-002
        1773   18.9800597210405        10.0092583157995     
  1.000000000000000E-002
        1774   18.9790855564727        10.0098304922811     
  1.000000000000000E-002
        1775   18.9781139075006        10.0104095803050     
  1.000000000000000E-002
        1776   18.9771448997225        10.0109959249498     
  1.000000000000000E-002
        1777   18.9761786710709        10.0115899051818     
  1.000000000000000E-002
        1778   18.9752153736286        10.0121919388453     
  1.000000000000000E-002
        1779   18.9742551758053        10.0128024886419     
  1.000000000000000E-002
        1780   18.9732982649638        10.0134220693469     
  1.000000000000000E-002
        1781   18.9723448506179        10.0140512565945     
  1.000000000000000E-002
        1782   18.9713951683591        10.0146906976672     
  1.000000000000000E-002
        1783   18.9704494847278        10.0153411248787     
  1.000000000000000E-002
        1784   18.9695081033220        10.0160033723577     
  1.000000000000000E-002
        1785   18.9685713725505        10.0166783973491     
  1.000000000000000E-002
        1786   18.9676396956063        10.0173673076171     
  1.000000000000000E-002
        1787   18.9667135434924        10.0180713972315     
  1.000000000000000E-002
        1788   18.9657934723226        10.0187921941027     
  1.000000000000000E-002
        1789   18.9648801467521        10.0195315243555     
  1.000000000000000E-002
        1790   18.9639743724183        10.0202916014606     
  1.000000000000000E-002
        1791   18.9630771420309        10.0210751528657     
  1.000000000000000E-002
        1792   18.9621897028615        10.0218856054211     
  1.000000000000000E-002
        1793   18.9613136591975        10.0227273668701     
  1.000000000000000E-002
        1794   18.9604511348309        10.0236062722835     
  1.000000000000000E-002
        1795   18.9596050451544        10.0245303316369     
  1.000000000000000E-002
        1796   18.9587795855672        10.0255110716947     
  1.000000000000000E-002
        1797   18.9579811929031        10.0265661775127     
  1.000000000000000E-002
        1798   18.9572206998906        10.0277254117678     
  1.000000000000000E-002
        1799   18.9565192246914        10.0290467961319     
  1.000000000000000E-002
        1800   18.9559312813750        10.0306801067807     
  1.000000000000000E-002
 
           1           1         602         601
           2           1           2         602
           3           2         603         602
           4           2           3         603
           5           3         604         603
           6           3           4         604
           7           4         605         604
           8           4           5         605
           9           5         606         605
          10           5           6         606
          11           6         607         606
          12           6           7         607
          13           7         608         607
          14           7           8         608
          15           8         609         608
          16           8           9         609
          17           9         610         609
          18           9          10         610
          19          10         611         610
          20          10          11         611
          21          11         612         611
          22          11          12         612
          23          12         613         612
          24          12          13         613
          25          13         614         613
          26          13          14         614
          27          14         615         614
          28          14          15         615
          29          15         616         615
          30          15          16         616
          31          16         617         616
          32          16          17         617
          33          17         618         617
          34          17          18         618
          35          18         619         618
          36          18          19         619
          37          19         620         619
          38          19          20         620
          39          20         621         620
          40          20          21         621
          41          21         622         621
          42          21          22         622
          43          22         623         622
          44          22          23         623
          45          23         624         623
          46          23          24         624
          47          24         625         624
          48          24          25         625
          49          25         626         625
          50          25          26         626
          51          26         627         626
          52          26          27         627
          53          27         628         627
          54          27          28         628
          55          28         629         628
          56          28          29         629
          57          29         630         629
          58          29          30         630
          59          30         631         630
          60          30          31         631
          61          31         632         631
          62          31          32         632
          63          32         633         632
          64          32          33         633
          65          33         634         633
          66          33          34         634
          67          34         635         634
          68          34          35         635
          69          35         636         635
          70          35          36         636
          71          36         637         636
          72          36          37         637
          73          37         638         637
          74          37          38         638
          75          38         639         638
          76          38          39         639
          77          39         640         639
          78          39          40         640
          79          40         641         640
          80          40          41         641
          81          41         642         641
          82          41          42         642
          83          42         643         642
          84          42          43         643
          85          43         644         643
          86          43          44         644
          87          44         645         644
          88          44          45         645
          89          45         646         645
          90          45          46         646
          91          46         647         646
          92          46          47         647
          93          47         648         647
          94          47          48         648
          95          48         649         648
          96          48          49         649
          97          49         650         649
          98          49          50         650
          99          50         651         650
         100          50          51         651
         101          51         652         651
         102          51          52         652
         103          52         653         652
         104          52          53         653
         105          53         654         653
         106          53          54         654
         107          54         655         654
         108          54          55         655
         109          55         656         655
         110          55          56         656
         111          56         657         656
         112          56          57         657
         113          57         658         657
         114          57          58         658
         115          58         659         658
         116          58          59         659
         117          59         660         659
         118          59          60         660
         119          60         661         660
         120          60          61         661
         121          61         662         661
         122          61          62         662
         123          62         663         662
         124          62          63         663
         125          63         664         663
         126          63          64         664
         127          64         665         664
         128          64          65         665
         129          65         666         665
         130          65          66         666
         131          66         667         666
         132          66          67         667
         133          67         668         667
         134          67          68         668
         135          68         669         668
         136          68          69         669
         137          69         670         669
         138          69          70         670
         139          70         671         670
         140          70          71         671
         141          71         672         671
         142          71          72         672
         143          72         673         672
         144          72          73         673
         145          73         674         673
         146          73          74         674
         147          74         675         674
         148          74          75         675
         149          75         676         675
         150          75          76         676
         151          76         677         676
         152          76          77         677
         153          77         678         677
         154          77          78         678
         155          78         679         678
         156          78          79         679
         157          79         680         679
         158          79          80         680
         159          80         681         680
         160          80          81         681
         161          81         682         681
         162          81          82         682
         163          82         683         682
         164          82          83         683
         165          83         684         683
         166          83          84         684
         167          84         685         684
         168          84          85         685
         169          85         686         685
         170          85          86         686
         171          86         687         686
         172          86          87         687
         173          87         688         687
         174          87          88         688
         175          88         689         688
         176          88          89         689
         177          89         690         689
         178          89          90         690
         179          90         691         690
         180          90          91         691
         181          91         692         691
         182          91          92         692
         183          92         693         692
         184          92          93         693
         185          93         694         693
         186          93          94         694
         187          94         695         694
         188          94          95         695
         189          95         696         695
         190          95          96         696
         191          96         697         696
         192          96          97         697
         193          97         698         697
         194          97          98         698
         195          98         699         698
         196          98          99         699
         197          99         700         699
         198          99         100         700
         199         100         701         700
         200         100         101         701
         201         101         702         701
         202         101         102         702
         203         102         703         702
         204         102         103         703
         205         103         704         703
         206         103         104         704
         207         104         705         704
         208         104         105         705
         209         105         706         705
         210         105         106         706
         211         106         707         706
         212         106         107         707
         213         107         708         707
         214         107         108         708
         215         108         709         708
         216         108         109         709
         217         109         710         709
         218         109         110         710
         219         110         711         710
         220         110         111         711
         221         111         712         711
         222         111         112         712
         223         112         713         712
         224         112         113         713
         225         113         714         713
         226         113         114         714
         227         114         715         714
         228         114         115         715
         229         115         716         715
         230         115         116         716
         231         116         717         716
         232         116         117         717
         233         117         718         717
         234         117         118         718
         235         118         719         718
         236         118         119         719
         237         119         720         719
         238         119         120         720
         239         120         721         720
         240         120         121         721
         241         121         722         721
         242         121         122         722
         243         122         723         722
         244         122         123         723
         245         123         724         723
         246         123         124         724
         247         124         725         724
         248         124         125         725
         249         125         726         725
         250         125         126         726
         251         126         727         726
         252         126         127         727
         253         127         728         727
         254         127         128         728
         255         128         729         728
         256         128         129         729
         257         129         730         729
         258         129         130         730
         259         130         731         730
         260         130         131         731
         261         131         732         731
         262         131         132         732
         263         132         733         732
         264         132         133         733
         265         133         734         733
         266         133         134         734
         267         134         735         734
         268         134         135         735
         269         135         736         735
         270         135         136         736
         271         136         737         736
         272         136         137         737
         273         137         738         737
         274         137         138         738
         275         138         739         738
         276         138         139         739
         277         139         740         739
         278         139         140         740
         279         140         741         740
         280         140         141         741
         281         141         742         741
         282         141         142         742
         283         142         743         742
         284         142         143         743
         285         143         744         743
         286         143         144         744
         287         144         745         744
         288         144         145         745
         289         145         746         745
         290         145         146         746
         291         146         747         746
         292         146         147         747
         293         147         748         747
         294         147         148         748
         295         148         749         748
         296         148         149         749
         297         149         750         749
         298         149         150         750
         299         150         751         750
         300         150         151         751
         301         151         752         751
         302         151         152         752
         303         152         753         752
         304         152         153         753
         305         153         754         753
         306         153         154         754
         307         154         755         754
         308         154         155         755
         309         155         756         755
         310         155         156         756
         311         156         757         756
         312         156         157         757
         313         157         758         757
         314         157         158         758
         315         158         759         758
         316         158         159         759
         317         159         760         759
         318         159         160         760
         319         160         761         760
         320         160         161         761
         321         161         762         761
         322         161         162         762
         323         162         763         762
         324         162         163         763
         325         163         764         763
         326         163         164         764
         327         164         765         764
         328         164         165         765
         329         165         766         765
         330         165         166         766
         331         166         767         766
         332         166         167         767
         333         167         768         767
         334         167         168         768
         335         168         769         768
         336         168         169         769
         337         169         770         769
         338         169         170         770
         339         170         771         770
         340         170         171         771
         341         171         772         771
         342         171         172         772
         343         172         773         772
         344         172         173         773
         345         173         774         773
         346         173         174         774
         347         174         775         774
         348         174         175         775
         349         175         776         775
         350         175         176         776
         351         176         777         776
         352         176         177         777
         353         177         778         777
         354         177         178         778
         355         178         779         778
         356         178         179         779
         357         179         780         779
         358         179         180         780
         359         180         781         780
         360         180         181         781
         361         181         782         781
         362         181         182         782
         363         182         783         782
         364         182         183         783
         365         183         784         783
         366         183         184         784
         367         184         785         784
         368         184         185         785
         369         185         786         785
         370         185         186         786
         371         186         787         786
         372         186         187         787
         373         187         788         787
         374         187         188         788
         375         188         789         788
         376         188         189         789
         377         189         790         789
         378         189         190         790
         379         190         791         790
         380         190         191         791
         381         191         792         791
         382         191         192         792
         383         192         793         792
         384         192         193         793
         385         193         794         793
         386         193         194         794
         387         194         795         794
         388         194         195         795
         389         195         796         795
         390         195         196         796
         391         196         797         796
         392         196         197         797
         393         197         798         797
         394         197         198         798
         395         198         799         798
         396         198         199         799
         397         199         800         799
         398         199         200         800
         399         200         801         800
         400         200         201         801
         401         201         802         801
         402         201         202         802
         403         202         803         802
         404         202         203         803
         405         203         804         803
         406         203         204         804
         407         204         805         804
         408         204         205         805
         409         205         806         805
         410         205         206         806
         411         206         807         806
         412         206         207         807
         413         207         808         807
         414         207         208         808
         415         208         809         808
         416         208         209         809
         417         209         810         809
         418         209         210         810
         419         210         811         810
         420         210         211         811
         421         211         812         811
         422         211         212         812
         423         212         813         812
         424         212         213         813
         425         213         814         813
         426         213         214         814
         427         214         815         814
         428         214         215         815
         429         215         816         815
         430         215         216         816
         431         216         817         816
         432         216         217         817
         433         217         818         817
         434         217         218         818
         435         218         819         818
         436         218         219         819
         437         219         820         819
         438         219         220         820
         439         220         821         820
         440         220         221         821
         441         221         822         821
         442         221         222         822
         443         222         823         822
         444         222         223         823
         445         223         824         823
         446         223         224         824
         447         224         825         824
         448         224         225         825
         449         225         826         825
         450         225         226         826
         451         226         827         826
         452         226         227         827
         453         227         828         827
         454         227         228         828
         455         228         829         828
         456         228         229         829
         457         229         830         829
         458         229         230         830
         459         230         831         830
         460         230         231         831
         461         231         832         831
         462         231         232         832
         463         232         833         832
         464         232         233         833
         465         233         834         833
         466         233         234         834
         467         234         835         834
         468         234         235         835
         469         235         836         835
         470         235         236         836
         471         236         837         836
         472         236         237         837
         473         237         838         837
         474         237         238         838
         475         238         839         838
         476         238         239         839
         477         239         840         839
         478         239         240         840
         479         240         841         840
         480         240         241         841
         481         241         842         841
         482         241         242         842
         483         242         843         842
         484         242         243         843
         485         243         844         843
         486         243         244         844
         487         244         845         844
         488         244         245         845
         489         245         846         845
         490         245         246         846
         491         246         847         846
         492         246         247         847
         493         247         848         847
         494         247         248         848
         495         248         849         848
         496         248         249         849
         497         249         850         849
         498         249         250         850
         499         250         851         850
         500         250         251         851
         501         251         852         851
         502         251         252         852
         503         252         853         852
         504         252         253         853
         505         253         854         853
         506         253         254         854
         507         254         855         854
         508         254         255         855
         509         255         856         855
         510         255         256         856
         511         256         857         856
         512         256         257         857
         513         257         858         857
         514         257         258         858
         515         258         859         858
         516         258         259         859
         517         259         860         859
         518         259         260         860
         519         260         861         860
         520         260         261         861
         521         261         862         861
         522         261         262         862
         523         262         863         862
         524         262         263         863
         525         263         864         863
         526         263         264         864
         527         264         865         864
         528         264         265         865
         529         265         866         865
         530         265         266         866
         531         266         867         866
         532         266         267         867
         533         267         868         867
         534         267         268         868
         535         268         869         868
         536         268         269         869
         537         269         870         869
         538         269         270         870
         539         270         871         870
         540         270         271         871
         541         271         872         871
         542         271         272         872
         543         272         873         872
         544         272         273         873
         545         273         874         873
         546         273         274         874
         547         274         875         874
         548         274         275         875
         549         275         876         875
         550         275         276         876
         551         276         877         876
         552         276         277         877
         553         277         878         877
         554         277         278         878
         555         278         879         878
         556         278         279         879
         557         279         880         879
         558         279         280         880
         559         280         881         880
         560         280         281         881
         561         281         882         881
         562         281         282         882
         563         282         883         882
         564         282         283         883
         565         283         884         883
         566         283         284         884
         567         284         885         884
         568         284         285         885
         569         285         886         885
         570         285         286         886
         571         286         887         886
         572         286         287         887
         573         287         888         887
         574         287         288         888
         575         288         889         888
         576         288         289         889
         577         289         890         889
         578         289         290         890
         579         290         891         890
         580         290         291         891
         581         291         892         891
         582         291         292         892
         583         292         893         892
         584         292         293         893
         585         293         894         893
         586         293         294         894
         587         294         895         894
         588         294         295         895
         589         295         896         895
         590         295         296         896
         591         296         897         896
         592         296         297         897
         593         297         898         897
         594         297         298         898
         595         298         899         898
         596         298         299         899
         597         299         900         899
         598         299         300         900
         599         300         901         900
         600         300         301         901
         601         301         902         901
         602         301         302         902
         603         302         903         902
         604         302         303         903
         605         303         904         903
         606         303         304         904
         607         304         905         904
         608         304         305         905
         609         305         906         905
         610         305         306         906
         611         306         907         906
         612         306         307         907
         613         307         908         907
         614         307         308         908
         615         308         909         908
         616         308         309         909
         617         309         910         909
         618         309         310         910
         619         310         911         910
         620         310         311         911
         621         311         912         911
         622         311         312         912
         623         312         913         912
         624         312         313         913
         625         313         914         913
         626         313         314         914
         627         314         915         914
         628         314         315         915
         629         315         916         915
         630         315         316         916
         631         316         917         916
         632         316         317         917
         633         317         918         917
         634         317         318         918
         635         318         919         918
         636         318         319         919
         637         319         920         919
         638         319         320         920
         639         320         921         920
         640         320         321         921
         641         321         922         921
         642         321         322         922
         643         322         923         922
         644         322         323         923
         645         323         924         923
         646         323         324         924
         647         324         925         924
         648         324         325         925
         649         325         926         925
         650         325         326         926
         651         326         927         926
         652         326         327         927
         653         327         928         927
         654         327         328         928
         655         328         929         928
         656         328         329         929
         657         329         930         929
         658         329         330         930
         659         330         931         930
         660         330         331         931
         661         331         932         931
         662         331         332         932
         663         332         933         932
         664         332         333         933
         665         333         934         933
         666         333         334         934
         667         334         935         934
         668         334         335         935
         669         335         936         935
         670         335         336         936
         671         336         937         936
         672         336         337         937
         673         337         938         937
         674         337         338         938
         675         338         939         938
         676         338         339         939
         677         339         940         939
         678         339         340         940
         679         340         941         940
         680         340         341         941
         681         341         942         941
         682         341         342         942
         683         342         943         942
         684         342         343         943
         685         343         944         943
         686         343         344         944
         687         344         945         944
         688         344         345         945
         689         345         946         945
         690         345         346         946
         691         346         947         946
         692         346         347         947
         693         347         948         947
         694         347         348         948
         695         348         949         948
         696         348         349         949
         697         349         950         949
         698         349         350         950
         699         350         951         950
         700         350         351         951
         701         351         952         951
         702         351         352         952
         703         352         953         952
         704         352         353         953
         705         353         954         953
         706         353         354         954
         707         354         955         954
         708         354         355         955
         709         355         956         955
         710         355         356         956
         711         356         957         956
         712         356         357         957
         713         357         958         957
         714         357         358         958
         715         358         959         958
         716         358         359         959
         717         359         960         959
         718         359         360         960
         719         360         961         960
         720         360         361         961
         721         361         962         961
         722         361         362         962
         723         362         963         962
         724         362         363         963
         725         363         964         963
         726         363         364         964
         727         364         965         964
         728         364         365         965
         729         365         966         965
         730         365         366         966
         731         366         967         966
         732         366         367         967
         733         367         968         967
         734         367         368         968
         735         368         969         968
         736         368         369         969
         737         369         970         969
         738         369         370         970
         739         370         971         970
         740         370         371         971
         741         371         972         971
         742         371         372         972
         743         372         973         972
         744         372         373         973
         745         373         974         973
         746         373         374         974
         747         374         975         974
         748         374         375         975
         749         375         976         975
         750         375         376         976
         751         376         977         976
         752         376         377         977
         753         377         978         977
         754         377         378         978
         755         378         979         978
         756         378         379         979
         757         379         980         979
         758         379         380         980
         759         380         981         980
         760         380         381         981
         761         381         982         981
         762         381         382         982
         763         382         983         982
         764         382         383         983
         765         383         984         983
         766         383         384         984
         767         384         985         984
         768         384         385         985
         769         385         986         985
         770         385         386         986
         771         386         987         986
         772         386         387         987
         773         387         988         987
         774         387         388         988
         775         388         989         988
         776         388         389         989
         777         389         990         989
         778         389         390         990
         779         390         991         990
         780         390         391         991
         781         391         992         991
         782         391         392         992
         783         392         993         992
         784         392         393         993
         785         393         994         993
         786         393         394         994
         787         394         995         994
         788         394         395         995
         789         395         996         995
         790         395         396         996
         791         396         997         996
         792         396         397         997
         793         397         998         997
         794         397         398         998
         795         398         999         998
         796         398         399         999
         797         399        1000         999
         798         399         400        1000
         799         400        1001        1000
         800         400         401        1001
         801         401        1002        1001
         802         401         402        1002
         803         402        1003        1002
         804         402         403        1003
         805         403        1004        1003
         806         403         404        1004
         807         404        1005        1004
         808         404         405        1005
         809         405        1006        1005
         810         405         406        1006
         811         406        1007        1006
         812         406         407        1007
         813         407        1008        1007
         814         407         408        1008
         815         408        1009        1008
         816         408         409        1009
         817         409        1010        1009
         818         409         410        1010
         819         410        1011        1010
         820         410         411        1011
         821         411        1012        1011
         822         411         412        1012
         823         412        1013        1012
         824         412         413        1013
         825         413        1014        1013
         826         413         414        1014
         827         414        1015        1014
         828         414         415        1015
         829         415        1016        1015
         830         415         416        1016
         831         416        1017        1016
         832         416         417        1017
         833         417        1018        1017
         834         417         418        1018
         835         418        1019        1018
         836         418         419        1019
         837         419        1020        1019
         838         419         420        1020
         839         420        1021        1020
         840         420         421        1021
         841         421        1022        1021
         842         421         422        1022
         843         422        1023        1022
         844         422         423        1023
         845         423        1024        1023
         846         423         424        1024
         847         424        1025        1024
         848         424         425        1025
         849         425        1026        1025
         850         425         426        1026
         851         426        1027        1026
         852         426         427        1027
         853         427        1028        1027
         854         427         428        1028
         855         428        1029        1028
         856         428         429        1029
         857         429        1030        1029
         858         429         430        1030
         859         430        1031        1030
         860         430         431        1031
         861         431        1032        1031
         862         431         432        1032
         863         432        1033        1032
         864         432         433        1033
         865         433        1034        1033
         866         433         434        1034
         867         434        1035        1034
         868         434         435        1035
         869         435        1036        1035
         870         435         436        1036
         871         436        1037        1036
         872         436         437        1037
         873         437        1038        1037
         874         437         438        1038
         875         438        1039        1038
         876         438         439        1039
         877         439        1040        1039
         878         439         440        1040
         879         440        1041        1040
         880         440         441        1041
         881         441        1042        1041
         882         441         442        1042
         883         442        1043        1042
         884         442         443        1043
         885         443        1044        1043
         886         443         444        1044
         887         444        1045        1044
         888         444         445        1045
         889         445        1046        1045
         890         445         446        1046
         891         446        1047        1046
         892         446         447        1047
         893         447        1048        1047
         894         447         448        1048
         895         448        1049        1048
         896         448         449        1049
         897         449        1050        1049
         898         449         450        1050
         899         450        1051        1050
         900         450         451        1051
         901         451        1052        1051
         902         451         452        1052
         903         452        1053        1052
         904         452         453        1053
         905         453        1054        1053
         906         453         454        1054
         907         454        1055        1054
         908         454         455        1055
         909         455        1056        1055
         910         455         456        1056
         911         456        1057        1056
         912         456         457        1057
         913         457        1058        1057
         914         457         458        1058
         915         458        1059        1058
         916         458         459        1059
         917         459        1060        1059
         918         459         460        1060
         919         460        1061        1060
         920         460         461        1061
         921         461        1062        1061
         922         461         462        1062
         923         462        1063        1062
         924         462         463        1063
         925         463        1064        1063
         926         463         464        1064
         927         464        1065        1064
         928         464         465        1065
         929         465        1066        1065
         930         465         466        1066
         931         466        1067        1066
         932         466         467        1067
         933         467        1068        1067
         934         467         468        1068
         935         468        1069        1068
         936         468         469        1069
         937         469        1070        1069
         938         469         470        1070
         939         470        1071        1070
         940         470         471        1071
         941         471        1072        1071
         942         471         472        1072
         943         472        1073        1072
         944         472         473        1073
         945         473        1074        1073
         946         473         474        1074
         947         474        1075        1074
         948         474         475        1075
         949         475        1076        1075
         950         475         476        1076
         951         476        1077        1076
         952         476         477        1077
         953         477        1078        1077
         954         477         478        1078
         955         478        1079        1078
         956         478         479        1079
         957         479        1080        1079
         958         479         480        1080
         959         480        1081        1080
         960         480         481        1081
         961         481        1082        1081
         962         481         482        1082
         963         482        1083        1082
         964         482         483        1083
         965         483        1084        1083
         966         483         484        1084
         967         484        1085        1084
         968         484         485        1085
         969         485        1086        1085
         970         485         486        1086
         971         486        1087        1086
         972         486         487        1087
         973         487        1088        1087
         974         487         488        1088
         975         488        1089        1088
         976         488         489        1089
         977         489        1090        1089
         978         489         490        1090
         979         490        1091        1090
         980         490         491        1091
         981         491        1092        1091
         982         491         492        1092
         983         492        1093        1092
         984         492         493        1093
         985         493        1094        1093
         986         493         494        1094
         987         494        1095        1094
         988         494         495        1095
         989         495        1096        1095
         990         495         496        1096
         991         496        1097        1096
         992         496         497        1097
         993         497        1098        1097
         994         497         498        1098
         995         498        1099        1098
         996         498         499        1099
         997         499        1100        1099
         998         499         500        1100
         999         500        1101        1100
        1000         500         501        1101
        1001         501        1102        1101
        1002         501         502        1102
        1003         502        1103        1102
        1004         502         503        1103
        1005         503        1104        1103
        1006         503         504        1104
        1007         504        1105        1104
        1008         504         505        1105
        1009         505        1106        1105
        1010         505         506        1106
        1011         506        1107        1106
        1012         506         507        1107
        1013         507        1108        1107
        1014         507         508        1108
        1015         508        1109        1108
        1016         508         509        1109
        1017         509        1110        1109
        1018         509         510        1110
        1019         510        1111        1110
        1020         510         511        1111
        1021         511        1112        1111
        1022         511         512        1112
        1023         512        1113        1112
        1024         512         513        1113
        1025         513        1114        1113
        1026         513         514        1114
        1027         514        1115        1114
        1028         514         515        1115
        1029         515        1116        1115
        1030         515         516        1116
        1031         516        1117        1116
        1032         516         517        1117
        1033         517        1118        1117
        1034         517         518        1118
        1035         518        1119        1118
        1036         518         519        1119
        1037         519        1120        1119
        1038         519         520        1120
        1039         520        1121        1120
        1040         520         521        1121
        1041         521        1122        1121
        1042         521         522        1122
        1043         522        1123        1122
        1044         522         523        1123
        1045         523        1124        1123
        1046         523         524        1124
        1047         524        1125        1124
        1048         524         525        1125
        1049         525        1126        1125
        1050         525         526        1126
        1051         526        1127        1126
        1052         526         527        1127
        1053         527        1128        1127
        1054         527         528        1128
        1055         528        1129        1128
        1056         528         529        1129
        1057         529        1130        1129
        1058         529         530        1130
        1059         530        1131        1130
        1060         530         531        1131
        1061         531        1132        1131
        1062         531         532        1132
        1063         532        1133        1132
        1064         532         533        1133
        1065         533        1134        1133
        1066         533         534        1134
        1067         534        1135        1134
        1068         534         535        1135
        1069         535        1136        1135
        1070         535         536        1136
        1071         536        1137        1136
        1072         536         537        1137
        1073         537        1138        1137
        1074         537         538        1138
        1075         538        1139        1138
        1076         538         539        1139
        1077         539        1140        1139
        1078         539         540        1140
        1079         540        1141        1140
        1080         540         541        1141
        1081         541        1142        1141
        1082         541         542        1142
        1083         542        1143        1142
        1084         542         543        1143
        1085         543        1144        1143
        1086         543         544        1144
        1087         544        1145        1144
        1088         544         545        1145
        1089         545        1146        1145
        1090         545         546        1146
        1091         546        1147        1146
        1092         546         547        1147
        1093         547        1148        1147
        1094         547         548        1148
        1095         548        1149        1148
        1096         548         549        1149
        1097         549        1150        1149
        1098         549         550        1150
        1099         550        1151        1150
        1100         550         551        1151
        1101         551        1152        1151
        1102         551         552        1152
        1103         552        1153        1152
        1104         552         553        1153
        1105         553        1154        1153
        1106         553         554        1154
        1107         554        1155        1154
        1108         554         555        1155
        1109         555        1156        1155
        1110         555         556        1156
        1111         556        1157        1156
        1112         556         557        1157
        1113         557        1158        1157
        1114         557         558        1158
        1115         558        1159        1158
        1116         558         559        1159
        1117         559        1160        1159
        1118         559         560        1160
        1119         560        1161        1160
        1120         560         561        1161
        1121         561        1162        1161
        1122         561         562        1162
        1123         562        1163        1162
        1124         562         563        1163
        1125         563        1164        1163
        1126         563         564        1164
        1127         564        1165        1164
        1128         564         565        1165
        1129         565        1166        1165
        1130         565         566        1166
        1131         566        1167        1166
        1132         566         567        1167
        1133         567        1168        1167
        1134         567         568        1168
        1135         568        1169        1168
        1136         568         569        1169
        1137         569        1170        1169
        1138         569         570        1170
        1139         570        1171        1170
        1140         570         571        1171
        1141         571        1172        1171
        1142         571         572        1172
        1143         572        1173        1172
        1144         572         573        1173
        1145         573        1174        1173
        1146         573         574        1174
        1147         574        1175        1174
        1148         574         575        1175
        1149         575        1176        1175
        1150         575         576        1176
        1151         576        1177        1176
        1152         576         577        1177
        1153         577        1178        1177
        1154         577         578        1178
        1155         578        1179        1178
        1156         578         579        1179
        1157         579        1180        1179
        1158         579         580        1180
        1159         580        1181        1180
        1160         580         581        1181
        1161         581        1182        1181
        1162         581         582        1182
        1163         582        1183        1182
        1164         582         583        1183
        1165         583        1184        1183
        1166         583         584        1184
        1167         584        1185        1184
        1168         584         585        1185
        1169         585        1186        1185
        1170         585         586        1186
        1171         586        1187        1186
        1172         586         587        1187
        1173         587        1188        1187
        1174         587         588        1188
        1175         588        1189        1188
        1176         588         589        1189
        1177         589        1190        1189
        1178         589         590        1190
        1179         590        1191        1190
        1180         590         591        1191
        1181         591        1192        1191
        1182         591         592        1192
        1183         592        1193        1192
        1184         592         593        1193
        1185         593        1194        1193
        1186         593         594        1194
        1187         594        1195        1194
        1188         594         595        1195
        1189         595        1196        1195
        1190         595         596        1196
        1191         596        1197        1196
        1192         596         597        1197
        1193         597        1198        1197
        1194         597         598        1198
        1195         598        1199        1198
        1196         598         599        1199
        1197         599        1200        1199
        1198         599         600        1200
        1199         600         601        1200
        1200         600           1         601
        1201         601        1202        1201
        1202         601         602        1202
        1203         602        1203        1202
        1204         602         603        1203
        1205         603        1204        1203
        1206         603         604        1204
        1207         604        1205        1204
        1208         604         605        1205
        1209         605        1206        1205
        1210         605         606        1206
        1211         606        1207        1206
        1212         606         607        1207
        1213         607        1208        1207
        1214         607         608        1208
        1215         608        1209        1208
        1216         608         609        1209
        1217         609        1210        1209
        1218         609         610        1210
        1219         610        1211        1210
        1220         610         611        1211
        1221         611        1212        1211
        1222         611         612        1212
        1223         612        1213        1212
        1224         612         613        1213
        1225         613        1214        1213
        1226         613         614        1214
        1227         614        1215        1214
        1228         614         615        1215
        1229         615        1216        1215
        1230         615         616        1216
        1231         616        1217        1216
        1232         616         617        1217
        1233         617        1218        1217
        1234         617         618        1218
        1235         618        1219        1218
        1236         618         619        1219
        1237         619        1220        1219
        1238         619         620        1220
        1239         620        1221        1220
        1240         620         621        1221
        1241         621        1222        1221
        1242         621         622        1222
        1243         622        1223        1222
        1244         622         623        1223
        1245         623        1224        1223
        1246         623         624        1224
        1247         624        1225        1224
        1248         624         625        1225
        1249         625        1226        1225
        1250         625         626        1226
        1251         626        1227        1226
        1252         626         627        1227
        1253         627        1228        1227
        1254         627         628        1228
        1255         628        1229        1228
        1256         628         629        1229
        1257         629        1230        1229
        1258         629         630        1230
        1259         630        1231        1230
        1260         630         631        1231
        1261         631        1232        1231
        1262         631         632        1232
        1263         632        1233        1232
        1264         632         633        1233
        1265         633        1234        1233
        1266         633         634        1234
        1267         634        1235        1234
        1268         634         635        1235
        1269         635        1236        1235
        1270         635         636        1236
        1271         636        1237        1236
        1272         636         637        1237
        1273         637        1238        1237
        1274         637         638        1238
        1275         638        1239        1238
        1276         638         639        1239
        1277         639        1240        1239
        1278         639         640        1240
        1279         640        1241        1240
        1280         640         641        1241
        1281         641        1242        1241
        1282         641         642        1242
        1283         642        1243        1242
        1284         642         643        1243
        1285         643        1244        1243
        1286         643         644        1244
        1287         644        1245        1244
        1288         644         645        1245
        1289         645        1246        1245
        1290         645         646        1246
        1291         646        1247        1246
        1292         646         647        1247
        1293         647        1248        1247
        1294         647         648        1248
        1295         648        1249        1248
        1296         648         649        1249
        1297         649        1250        1249
        1298         649         650        1250
        1299         650        1251        1250
        1300         650         651        1251
        1301         651        1252        1251
        1302         651         652        1252
        1303         652        1253        1252
        1304         652         653        1253
        1305         653        1254        1253
        1306         653         654        1254
        1307         654        1255        1254
        1308         654         655        1255
        1309         655        1256        1255
        1310         655         656        1256
        1311         656        1257        1256
        1312         656         657        1257
        1313         657        1258        1257
        1314         657         658        1258
        1315         658        1259        1258
        1316         658         659        1259
        1317         659        1260        1259
        1318         659         660        1260
        1319         660        1261        1260
        1320         660         661        1261
        1321         661        1262        1261
        1322         661         662        1262
        1323         662        1263        1262
        1324         662         663        1263
        1325         663        1264        1263
        1326         663         664        1264
        1327         664        1265        1264
        1328         664         665        1265
        1329         665        1266        1265
        1330         665         666        1266
        1331         666        1267        1266
        1332         666         667        1267
        1333         667        1268        1267
        1334         667         668        1268
        1335         668        1269        1268
        1336         668         669        1269
        1337         669        1270        1269
        1338         669         670        1270
        1339         670        1271        1270
        1340         670         671        1271
        1341         671        1272        1271
        1342         671         672        1272
        1343         672        1273        1272
        1344         672         673        1273
        1345         673        1274        1273
        1346         673         674        1274
        1347         674        1275        1274
        1348         674         675        1275
        1349         675        1276        1275
        1350         675         676        1276
        1351         676        1277        1276
        1352         676         677        1277
        1353         677        1278        1277
        1354         677         678        1278
        1355         678        1279        1278
        1356         678         679        1279
        1357         679        1280        1279
        1358         679         680        1280
        1359         680        1281        1280
        1360         680         681        1281
        1361         681        1282        1281
        1362         681         682        1282
        1363         682        1283        1282
        1364         682         683        1283
        1365         683        1284        1283
        1366         683         684        1284
        1367         684        1285        1284
        1368         684         685        1285
        1369         685        1286        1285
        1370         685         686        1286
        1371         686        1287        1286
        1372         686         687        1287
        1373         687        1288        1287
        1374         687         688        1288
        1375         688        1289        1288
        1376         688         689        1289
        1377         689        1290        1289
        1378         689         690        1290
        1379         690        1291        1290
        1380         690         691        1291
        1381         691        1292        1291
        1382         691         692        1292
        1383         692        1293        1292
        1384         692         693        1293
        1385         693        1294        1293
        1386         693         694        1294
        1387         694        1295        1294
        1388         694         695        1295
        1389         695        1296        1295
        1390         695         696        1296
        1391         696        1297        1296
        1392         696         697        1297
        1393         697        1298        1297
        1394         697         698        1298
        1395         698        1299        1298
        1396         698         699        1299
        1397         699        1300        1299
        1398         699         700        1300
        1399         700        1301        1300
        1400         700         701        1301
        1401         701        1302        1301
        1402         701         702        1302
        1403         702        1303        1302
        1404         702         703        1303
        1405         703        1304        1303
        1406         703         704        1304
        1407         704        1305        1304
        1408         704         705        1305
        1409         705        1306        1305
        1410         705         706        1306
        1411         706        1307        1306
        1412         706         707        1307
        1413         707        1308        1307
        1414         707         708        1308
        1415         708        1309        1308
        1416         708         709        1309
        1417         709        1310        1309
        1418         709         710        1310
        1419         710        1311        1310
        1420         710         711        1311
        1421         711        1312        1311
        1422         711         712        1312
        1423         712        1313        1312
        1424         712         713        1313
        1425         713        1314        1313
        1426         713         714        1314
        1427         714        1315        1314
        1428         714         715        1315
        1429         715        1316        1315
        1430         715         716        1316
        1431         716        1317        1316
        1432         716         717        1317
        1433         717        1318        1317
        1434         717         718        1318
        1435         718        1319        1318
        1436         718         719        1319
        1437         719        1320        1319
        1438         719         720        1320
        1439         720        1321        1320
        1440         720         721        1321
        1441         721        1322        1321
        1442         721         722        1322
        1443         722        1323        1322
        1444         722         723        1323
        1445         723        1324        1323
        1446         723         724        1324
        1447         724        1325        1324
        1448         724         725        1325
        1449         725        1326        1325
        1450         725         726        1326
        1451         726        1327        1326
        1452         726         727        1327
        1453         727        1328        1327
        1454         727         728        1328
        1455         728        1329        1328
        1456         728         729        1329
        1457         729        1330        1329
        1458         729         730        1330
        1459         730        1331        1330
        1460         730         731        1331
        1461         731        1332        1331
        1462         731         732        1332
        1463         732        1333        1332
        1464         732         733        1333
        1465         733        1334        1333
        1466         733         734        1334
        1467         734        1335        1334
        1468         734         735        1335
        1469         735        1336        1335
        1470         735         736        1336
        1471         736        1337        1336
        1472         736         737        1337
        1473         737        1338        1337
        1474         737         738        1338
        1475         738        1339        1338
        1476         738         739        1339
        1477         739        1340        1339
        1478         739         740        1340
        1479         740        1341        1340
        1480         740         741        1341
        1481         741        1342        1341
        1482         741         742        1342
        1483         742        1343        1342
        1484         742         743        1343
        1485         743        1344        1343
        1486         743         744        1344
        1487         744        1345        1344
        1488         744         745        1345
        1489         745        1346        1345
        1490         745         746        1346
        1491         746        1347        1346
        1492         746         747        1347
        1493         747        1348        1347
        1494         747         748        1348
        1495         748        1349        1348
        1496         748         749        1349
        1497         749        1350        1349
        1498         749         750        1350
        1499         750        1351        1350
        1500         750         751        1351
        1501         751        1352        1351
        1502         751         752        1352
        1503         752        1353        1352
        1504         752         753        1353
        1505         753        1354        1353
        1506         753         754        1354
        1507         754        1355        1354
        1508         754         755        1355
        1509         755        1356        1355
        1510         755         756        1356
        1511         756        1357        1356
        1512         756         757        1357
        1513         757        1358        1357
        1514         757         758        1358
        1515         758        1359        1358
        1516         758         759        1359
        1517         759        1360        1359
        1518         759         760        1360
        1519         760        1361        1360
        1520         760         761        1361
        1521         761        1362        1361
        1522         761         762        1362
        1523         762        1363        1362
        1524         762         763        1363
        1525         763        1364        1363
        1526         763         764        1364
        1527         764        1365        1364
        1528         764         765        1365
        1529         765        1366        1365
        1530         765         766        1366
        1531         766        1367        1366
        1532         766         767        1367
        1533         767        1368        1367
        1534         767         768        1368
        1535         768        1369        1368
        1536         768         769        1369
        1537         769        1370        1369
        1538         769         770        1370
        1539         770        1371        1370
        1540         770         771        1371
        1541         771        1372        1371
        1542         771         772        1372
        1543         772        1373        1372
        1544         772         773        1373
        1545         773        1374        1373
        1546         773         774        1374
        1547         774        1375        1374
        1548         774         775        1375
        1549         775        1376        1375
        1550         775         776        1376
        1551         776        1377        1376
        1552         776         777        1377
        1553         777        1378        1377
        1554         777         778        1378
        1555         778        1379        1378
        1556         778         779        1379
        1557         779        1380        1379
        1558         779         780        1380
        1559         780        1381        1380
        1560         780         781        1381
        1561         781        1382        1381
        1562         781         782        1382
        1563         782        1383        1382
        1564         782         783        1383
        1565         783        1384        1383
        1566         783         784        1384
        1567         784        1385        1384
        1568         784         785        1385
        1569         785        1386        1385
        1570         785         786        1386
        1571         786        1387        1386
        1572         786         787        1387
        1573         787        1388        1387
        1574         787         788        1388
        1575         788        1389        1388
        1576         788         789        1389
        1577         789        1390        1389
        1578         789         790        1390
        1579         790        1391        1390
        1580         790         791        1391
        1581         791        1392        1391
        1582         791         792        1392
        1583         792        1393        1392
        1584         792         793        1393
        1585         793        1394        1393
        1586         793         794        1394
        1587         794        1395        1394
        1588         794         795        1395
        1589         795        1396        1395
        1590         795         796        1396
        1591         796        1397        1396
        1592         796         797        1397
        1593         797        1398        1397
        1594         797         798        1398
        1595         798        1399        1398
        1596         798         799        1399
        1597         799        1400        1399
        1598         799         800        1400
        1599         800        1401        1400
        1600         800         801        1401
        1601         801        1402        1401
        1602         801         802        1402
        1603         802        1403        1402
        1604         802         803        1403
        1605         803        1404        1403
        1606         803         804        1404
        1607         804        1405        1404
        1608         804         805        1405
        1609         805        1406        1405
        1610         805         806        1406
        1611         806        1407        1406
        1612         806         807        1407
        1613         807        1408        1407
        1614         807         808        1408
        1615         808        1409        1408
        1616         808         809        1409
        1617         809        1410        1409
        1618         809         810        1410
        1619         810        1411        1410
        1620         810         811        1411
        1621         811        1412        1411
        1622         811         812        1412
        1623         812        1413        1412
        1624         812         813        1413
        1625         813        1414        1413
        1626         813         814        1414
        1627         814        1415        1414
        1628         814         815        1415
        1629         815        1416        1415
        1630         815         816        1416
        1631         816        1417        1416
        1632         816         817        1417
        1633         817        1418        1417
        1634         817         818        1418
        1635         818        1419        1418
        1636         818         819        1419
        1637         819        1420        1419
        1638         819         820        1420
        1639         820        1421        1420
        1640         820         821        1421
        1641         821        1422        1421
        1642         821         822        1422
        1643         822        1423        1422
        1644         822         823        1423
        1645         823        1424        1423
        1646         823         824        1424
        1647         824        1425        1424
        1648         824         825        1425
        1649         825        1426        1425
        1650         825         826        1426
        1651         826        1427        1426
        1652         826         827        1427
        1653         827        1428        1427
        1654         827         828        1428
        1655         828        1429        1428
        1656         828         829        1429
        1657         829        1430        1429
        1658         829         830        1430
        1659         830        1431        1430
        1660         830         831        1431
        1661         831        1432        1431
        1662         831         832        1432
        1663         832        1433        1432
        1664         832         833        1433
        1665         833        1434        1433
        1666         833         834        1434
        1667         834        1435        1434
        1668         834         835        1435
        1669         835        1436        1435
        1670         835         836        1436
        1671         836        1437        1436
        1672         836         837        1437
        1673         837        1438        1437
        1674         837         838        1438
        1675         838        1439        1438
        1676         838         839        1439
        1677         839        1440        1439
        1678         839         840        1440
        1679         840        1441        1440
        1680         840         841        1441
        1681         841        1442        1441
        1682         841         842        1442
        1683         842        1443        1442
        1684         842         843        1443
        1685         843        1444        1443
        1686         843         844        1444
        1687         844        1445        1444
        1688         844         845        1445
        1689         845        1446        1445
        1690         845         846        1446
        1691         846        1447        1446
        1692         846         847        1447
        1693         847        1448        1447
        1694         847         848        1448
        1695         848        1449        1448
        1696         848         849        1449
        1697         849        1450        1449
        1698         849         850        1450
        1699         850        1451        1450
        1700         850         851        1451
        1701         851        1452        1451
        1702         851         852        1452
        1703         852        1453        1452
        1704         852         853        1453
        1705         853        1454        1453
        1706         853         854        1454
        1707         854        1455        1454
        1708         854         855        1455
        1709         855        1456        1455
        1710         855         856        1456
        1711         856        1457        1456
        1712         856         857        1457
        1713         857        1458        1457
        1714         857         858        1458
        1715         858        1459        1458
        1716         858         859        1459
        1717         859        1460        1459
        1718         859         860        1460
        1719         860        1461        1460
        1720         860         861        1461
        1721         861        1462        1461
        1722         861         862        1462
        1723         862        1463        1462
        1724         862         863        1463
        1725         863        1464        1463
        1726         863         864        1464
        1727         864        1465        1464
        1728         864         865        1465
        1729         865        1466        1465
        1730         865         866        1466
        1731         866        1467        1466
        1732         866         867        1467
        1733         867        1468        1467
        1734         867         868        1468
        1735         868        1469        1468
        1736         868         869        1469
        1737         869        1470        1469
        1738         869         870        1470
        1739         870        1471        1470
        1740         870         871        1471
        1741         871        1472        1471
        1742         871         872        1472
        1743         872        1473        1472
        1744         872         873        1473
        1745         873        1474        1473
        1746         873         874        1474
        1747         874        1475        1474
        1748         874         875        1475
        1749         875        1476        1475
        1750         875         876        1476
        1751         876        1477        1476
        1752         876         877        1477
        1753         877        1478        1477
        1754         877         878        1478
        1755         878        1479        1478
        1756         878         879        1479
        1757         879        1480        1479
        1758         879         880        1480
        1759         880        1481        1480
        1760         880         881        1481
        1761         881        1482        1481
        1762         881         882        1482
        1763         882        1483        1482
        1764         882         883        1483
        1765         883        1484        1483
        1766         883         884        1484
        1767         884        1485        1484
        1768         884         885        1485
        1769         885        1486        1485
        1770         885         886        1486
        1771         886        1487        1486
        1772         886         887        1487
        1773         887        1488        1487
        1774         887         888        1488
        1775         888        1489        1488
        1776         888         889        1489
        1777         889        1490        1489
        1778         889         890        1490
        1779         890        1491        1490
        1780         890         891        1491
        1781         891        1492        1491
        1782         891         892        1492
        1783         892        1493        1492
        1784         892         893        1493
        1785         893        1494        1493
        1786         893         894        1494
        1787         894        1495        1494
        1788         894         895        1495
        1789         895        1496        1495
        1790         895         896        1496
        1791         896        1497        1496
        1792         896         897        1497
        1793         897        1498        1497
        1794         897         898        1498
        1795         898        1499        1498
        1796         898         899        1499
        1797         899        1500        1499
        1798         899         900        1500
        1799         900        1501        1500
        1800         900         901        1501
        1801         901        1502        1501
        1802         901         902        1502
        1803         902        1503        1502
        1804         902         903        1503
        1805         903        1504        1503
        1806         903         904        1504
        1807         904        1505        1504
        1808         904         905        1505
        1809         905        1506        1505
        1810         905         906        1506
        1811         906        1507        1506
        1812         906         907        1507
        1813         907        1508        1507
        1814         907         908        1508
        1815         908        1509        1508
        1816         908         909        1509
        1817         909        1510        1509
        1818         909         910        1510
        1819         910        1511        1510
        1820         910         911        1511
        1821         911        1512        1511
        1822         911         912        1512
        1823         912        1513        1512
        1824         912         913        1513
        1825         913        1514        1513
        1826         913         914        1514
        1827         914        1515        1514
        1828         914         915        1515
        1829         915        1516        1515
        1830         915         916        1516
        1831         916        1517        1516
        1832         916         917        1517
        1833         917        1518        1517
        1834         917         918        1518
        1835         918        1519        1518
        1836         918         919        1519
        1837         919        1520        1519
        1838         919         920        1520
        1839         920        1521        1520
        1840         920         921        1521
        1841         921        1522        1521
        1842         921         922        1522
        1843         922        1523        1522
        1844         922         923        1523
        1845         923        1524        1523
        1846         923         924        1524
        1847         924        1525        1524
        1848         924         925        1525
        1849         925        1526        1525
        1850         925         926        1526
        1851         926        1527        1526
        1852         926         927        1527
        1853         927        1528        1527
        1854         927         928        1528
        1855         928        1529        1528
        1856         928         929        1529
        1857         929        1530        1529
        1858         929         930        1530
        1859         930        1531        1530
        1860         930         931        1531
        1861         931        1532        1531
        1862         931         932        1532
        1863         932        1533        1532
        1864         932         933        1533
        1865         933        1534        1533
        1866         933         934        1534
        1867         934        1535        1534
        1868         934         935        1535
        1869         935        1536        1535
        1870         935         936        1536
        1871         936        1537        1536
        1872         936         937        1537
        1873         937        1538        1537
        1874         937         938        1538
        1875         938        1539        1538
        1876         938         939        1539
        1877         939        1540        1539
        1878         939         940        1540
        1879         940        1541        1540
        1880         940         941        1541
        1881         941        1542        1541
        1882         941         942        1542
        1883         942        1543        1542
        1884         942         943        1543
        1885         943        1544        1543
        1886         943         944        1544
        1887         944        1545        1544
        1888         944         945        1545
        1889         945        1546        1545
        1890         945         946        1546
        1891         946        1547        1546
        1892         946         947        1547
        1893         947        1548        1547
        1894         947         948        1548
        1895         948        1549        1548
        1896         948         949        1549
        1897         949        1550        1549
        1898         949         950        1550
        1899         950        1551        1550
        1900         950         951        1551
        1901         951        1552        1551
        1902         951         952        1552
        1903         952        1553        1552
        1904         952         953        1553
        1905         953        1554        1553
        1906         953         954        1554
        1907         954        1555        1554
        1908         954         955        1555
        1909         955        1556        1555
        1910         955         956        1556
        1911         956        1557        1556
        1912         956         957        1557
        1913         957        1558        1557
        1914         957         958        1558
        1915         958        1559        1558
        1916         958         959        1559
        1917         959        1560        1559
        1918         959         960        1560
        1919         960        1561        1560
        1920         960         961        1561
        1921         961        1562        1561
        1922         961         962        1562
        1923         962        1563        1562
        1924         962         963        1563
        1925         963        1564        1563
        1926         963         964        1564
        1927         964        1565        1564
        1928         964         965        1565
        1929         965        1566        1565
        1930         965         966        1566
        1931         966        1567        1566
        1932         966         967        1567
        1933         967        1568        1567
        1934         967         968        1568
        1935         968        1569        1568
        1936         968         969        1569
        1937         969        1570        1569
        1938         969         970        1570
        1939         970        1571        1570
        1940         970         971        1571
        1941         971        1572        1571
        1942         971         972        1572
        1943         972        1573        1572
        1944         972         973        1573
        1945         973        1574        1573
        1946         973         974        1574
        1947         974        1575        1574
        1948         974         975        1575
        1949         975        1576        1575
        1950         975         976        1576
        1951         976        1577        1576
        1952         976         977        1577
        1953         977        1578        1577
        1954         977         978        1578
        1955         978        1579        1578
        1956         978         979        1579
        1957         979        1580        1579
        1958         979         980        1580
        1959         980        1581        1580
        1960         980         981        1581
        1961         981        1582        1581
        1962         981         982        1582
        1963         982        1583        1582
        1964         982         983        1583
        1965         983        1584        1583
        1966         983         984        1584
        1967         984        1585        1584
        1968         984         985        1585
        1969         985        1586        1585
        1970         985         986        1586
        1971         986        1587        1586
        1972         986         987        1587
        1973         987        1588        1587
        1974         987         988        1588
        1975         988        1589        1588
        1976         988         989        1589
        1977         989        1590        1589
        1978         989         990        1590
        1979         990        1591        1590
        1980         990         991        1591
        1981         991        1592        1591
        1982         991         992        1592
        1983         992        1593        1592
        1984         992         993        1593
        1985         993        1594        1593
        1986         993         994        1594
        1987         994        1595        1594
        1988         994         995        1595
        1989         995        1596        1595
        1990         995         996        1596
        1991         996        1597        1596
        1992         996         997        1597
        1993         997        1598        1597
        1994         997         998        1598
        1995         998        1599        1598
        1996         998         999        1599
        1997         999        1600        1599
        1998         999        1000        1600
        1999        1000        1601        1600
        2000        1000        1001        1601
        2001        1001        1602        1601
        2002        1001        1002        1602
        2003        1002        1603        1602
        2004        1002        1003        1603
        2005        1003        1604        1603
        2006        1003        1004        1604
        2007        1004        1605        1604
        2008        1004        1005        1605
        2009        1005        1606        1605
        2010        1005        1006        1606
        2011        1006        1607        1606
        2012        1006        1007        1607
        2013        1007        1608        1607
        2014        1007        1008        1608
        2015        1008        1609        1608
        2016        1008        1009        1609
        2017        1009        1610        1609
        2018        1009        1010        1610
        2019        1010        1611        1610
        2020        1010        1011        1611
        2021        1011        1612        1611
        2022        1011        1012        1612
        2023        1012        1613        1612
        2024        1012        1013        1613
        2025        1013        1614        1613
        2026        1013        1014        1614
        2027        1014        1615        1614
        2028        1014        1015        1615
        2029        1015        1616        1615
        2030        1015        1016        1616
        2031        1016        1617        1616
        2032        1016        1017        1617
        2033        1017        1618        1617
        2034        1017        1018        1618
        2035        1018        1619        1618
        2036        1018        1019        1619
        2037        1019        1620        1619
        2038        1019        1020        1620
        2039        1020        1621        1620
        2040        1020        1021        1621
        2041        1021        1622        1621
        2042        1021        1022        1622
        2043        1022        1623        1622
        2044        1022        1023        1623
        2045        1023        1624        1623
        2046        1023        1024        1624
        2047        1024        1625        1624
        2048        1024        1025        1625
        2049        1025        1626        1625
        2050        1025        1026        1626
        2051        1026        1627        1626
        2052        1026        1027        1627
        2053        1027        1628        1627
        2054        1027        1028        1628
        2055        1028        1629        1628
        2056        1028        1029        1629
        2057        1029        1630        1629
        2058        1029        1030        1630
        2059        1030        1631        1630
        2060        1030        1031        1631
        2061        1031        1632        1631
        2062        1031        1032        1632
        2063        1032        1633        1632
        2064        1032        1033        1633
        2065        1033        1634        1633
        2066        1033        1034        1634
        2067        1034        1635        1634
        2068        1034        1035        1635
        2069        1035        1636        1635
        2070        1035        1036        1636
        2071        1036        1637        1636
        2072        1036        1037        1637
        2073        1037        1638        1637
        2074        1037        1038        1638
        2075        1038        1639        1638
        2076        1038        1039        1639
        2077        1039        1640        1639
        2078        1039        1040        1640
        2079        1040        1641        1640
        2080        1040        1041        1641
        2081        1041        1642        1641
        2082        1041        1042        1642
        2083        1042        1643        1642
        2084        1042        1043        1643
        2085        1043        1644        1643
        2086        1043        1044        1644
        2087        1044        1645        1644
        2088        1044        1045        1645
        2089        1045        1646        1645
        2090        1045        1046        1646
        2091        1046        1647        1646
        2092        1046        1047        1647
        2093        1047        1648        1647
        2094        1047        1048        1648
        2095        1048        1649        1648
        2096        1048        1049        1649
        2097        1049        1650        1649
        2098        1049        1050        1650
        2099        1050        1651        1650
        2100        1050        1051        1651
        2101        1051        1652        1651
        2102        1051        1052        1652
        2103        1052        1653        1652
        2104        1052        1053        1653
        2105        1053        1654        1653
        2106        1053        1054        1654
        2107        1054        1655        1654
        2108        1054        1055        1655
        2109        1055        1656        1655
        2110        1055        1056        1656
        2111        1056        1657        1656
        2112        1056        1057        1657
        2113        1057        1658        1657
        2114        1057        1058        1658
        2115        1058        1659        1658
        2116        1058        1059        1659
        2117        1059        1660        1659
        2118        1059        1060        1660
        2119        1060        1661        1660
        2120        1060        1061        1661
        2121        1061        1662        1661
        2122        1061        1062        1662
        2123        1062        1663        1662
        2124        1062        1063        1663
        2125        1063        1664        1663
        2126        1063        1064        1664
        2127        1064        1665        1664
        2128        1064        1065        1665
        2129        1065        1666        1665
        2130        1065        1066        1666
        2131        1066        1667        1666
        2132        1066        1067        1667
        2133        1067        1668        1667
        2134        1067        1068        1668
        2135        1068        1669        1668
        2136        1068        1069        1669
        2137        1069        1670        1669
        2138        1069        1070        1670
        2139        1070        1671        1670
        2140        1070        1071        1671
        2141        1071        1672        1671
        2142        1071        1072        1672
        2143        1072        1673        1672
        2144        1072        1073        1673
        2145        1073        1674        1673
        2146        1073        1074        1674
        2147        1074        1675        1674
        2148        1074        1075        1675
        2149        1075        1676        1675
        2150        1075        1076        1676
        2151        1076        1677        1676
        2152        1076        1077        1677
        2153        1077        1678        1677
        2154        1077        1078        1678
        2155        1078        1679        1678
        2156        1078        1079        1679
        2157        1079        1680        1679
        2158        1079        1080        1680
        2159        1080        1681        1680
        2160        1080        1081        1681
        2161        1081        1682        1681
        2162        1081        1082        1682
        2163        1082        1683        1682
        2164        1082        1083        1683
        2165        1083        1684        1683
        2166        1083        1084        1684
        2167        1084        1685        1684
        2168        1084        1085        1685
        2169        1085        1686        1685
        2170        1085        1086        1686
        2171        1086        1687        1686
        2172        1086        1087        1687
        2173        1087        1688        1687
        2174        1087        1088        1688
        2175        1088        1689        1688
        2176        1088        1089        1689
        2177        1089        1690        1689
        2178        1089        1090        1690
        2179        1090        1691        1690
        2180        1090        1091        1691
        2181        1091        1692        1691
        2182        1091        1092        1692
        2183        1092        1693        1692
        2184        1092        1093        1693
        2185        1093        1694        1693
        2186        1093        1094        1694
        2187        1094        1695        1694
        2188        1094        1095        1695
        2189        1095        1696        1695
        2190        1095        1096        1696
        2191        1096        1697        1696
        2192        1096        1097        1697
        2193        1097        1698        1697
        2194        1097        1098        1698
        2195        1098        1699        1698
        2196        1098        1099        1699
        2197        1099        1700        1699
        2198        1099        1100        1700
        2199        1100        1701        1700
        2200        1100        1101        1701
        2201        1101        1702        1701
        2202        1101        1102        1702
        2203        1102        1703        1702
        2204        1102        1103        1703
        2205        1103        1704        1703
        2206        1103        1104        1704
        2207        1104        1705        1704
        2208        1104        1105        1705
        2209        1105        1706        1705
        2210        1105        1106        1706
        2211        1106        1707        1706
        2212        1106        1107        1707
        2213        1107        1708        1707
        2214        1107        1108        1708
        2215        1108        1709        1708
        2216        1108        1109        1709
        2217        1109        1710        1709
        2218        1109        1110        1710
        2219        1110        1711        1710
        2220        1110        1111        1711
        2221        1111        1712        1711
        2222        1111        1112        1712
        2223        1112        1713        1712
        2224        1112        1113        1713
        2225        1113        1714        1713
        2226        1113        1114        1714
        2227        1114        1715        1714
        2228        1114        1115        1715
        2229        1115        1716        1715
        2230        1115        1116        1716
        2231        1116        1717        1716
        2232        1116        1117        1717
        2233        1117        1718        1717
        2234        1117        1118        1718
        2235        1118        1719        1718
        2236        1118        1119        1719
        2237        1119        1720        1719
        2238        1119        1120        1720
        2239        1120        1721        1720
        2240        1120        1121        1721
        2241        1121        1722        1721
        2242        1121        1122        1722
        2243        1122        1723        1722
        2244        1122        1123        1723
        2245        1123        1724        1723
        2246        1123        1124        1724
        2247        1124        1725        1724
        2248        1124        1125        1725
        2249        1125        1726        1725
        2250        1125        1126        1726
        2251        1126        1727        1726
        2252        1126        1127        1727
        2253        1127        1728        1727
        2254        1127        1128        1728
        2255        1128        1729        1728
        2256        1128        1129        1729
        2257        1129        1730        1729
        2258        1129        1130        1730
        2259        1130        1731        1730
        2260        1130        1131        1731
        2261        1131        1732        1731
        2262        1131        1132        1732
        2263        1132        1733        1732
        2264        1132        1133        1733
        2265        1133        1734        1733
        2266        1133        1134        1734
        2267        1134        1735        1734
        2268        1134        1135        1735
        2269        1135        1736        1735
        2270        1135        1136        1736
        2271        1136        1737        1736
        2272        1136        1137        1737
        2273        1137        1738        1737
        2274        1137        1138        1738
        2275        1138        1739        1738
        2276        1138        1139        1739
        2277        1139        1740        1739
        2278        1139        1140        1740
        2279        1140        1741        1740
        2280        1140        1141        1741
        2281        1141        1742        1741
        2282        1141        1142        1742
        2283        1142        1743        1742
        2284        1142        1143        1743
        2285        1143        1744        1743
        2286        1143        1144        1744
        2287        1144        1745        1744
        2288        1144        1145        1745
        2289        1145        1746        1745
        2290        1145        1146        1746
        2291        1146        1747        1746
        2292        1146        1147        1747
        2293        1147        1748        1747
        2294        1147        1148        1748
        2295        1148        1749        1748
        2296        1148        1149        1749
        2297        1149        1750        1749
        2298        1149        1150        1750
        2299        1150        1751        1750
        2300        1150        1151        1751
        2301        1151        1752        1751
        2302        1151        1152        1752
        2303        1152        1753        1752
        2304        1152        1153        1753
        2305        1153        1754        1753
        2306        1153        1154        1754
        2307        1154        1755        1754
        2308        1154        1155        1755
        2309        1155        1756        1755
        2310        1155        1156        1756
        2311        1156        1757        1756
        2312        1156        1157        1757
        2313        1157        1758        1757
        2314        1157        1158        1758
        2315        1158        1759        1758
        2316        1158        1159        1759
        2317        1159        1760        1759
        2318        1159        1160        1760
        2319        1160        1761        1760
        2320        1160        1161        1761
        2321        1161        1762        1761
        2322        1161        1162        1762
        2323        1162        1763        1762
        2324        1162        1163        1763
        2325        1163        1764        1763
        2326        1163        1164        1764
        2327        1164        1765        1764
        2328        1164        1165        1765
        2329        1165        1766        1765
        2330        1165        1166        1766
        2331        1166        1767        1766
        2332        1166        1167        1767
        2333        1167        1768        1767
        2334        1167        1168        1768
        2335        1168        1769        1768
        2336        1168        1169        1769
        2337        1169        1770        1769
        2338        1169        1170        1770
        2339        1170        1771        1770
        2340        1170        1171        1771
        2341        1171        1772        1771
        2342        1171        1172        1772
        2343        1172        1773        1772
        2344        1172        1173        1773
        2345        1173        1774        1773
        2346        1173        1174        1774
        2347        1174        1775        1774
        2348        1174        1175        1775
        2349        1175        1776        1775
        2350        1175        1176        1776
        2351        1176        1777        1776
        2352        1176        1177        1777
        2353        1177        1778        1777
        2354        1177        1178        1778
        2355        1178        1779        1778
        2356        1178        1179        1779
        2357        1179        1780        1779
        2358        1179        1180        1780
        2359        1180        1781        1780
        2360        1180        1181        1781
        2361        1181        1782        1781
        2362        1181        1182        1782
        2363        1182        1783        1782
        2364        1182        1183        1783
        2365        1183        1784        1783
        2366        1183        1184        1784
        2367        1184        1785        1784
        2368        1184        1185        1785
        2369        1185        1786        1785
        2370        1185        1186        1786
        2371        1186        1787        1786
        2372        1186        1187        1787
        2373        1187        1788        1787
        2374        1187        1188        1788
        2375        1188        1789        1788
        2376        1188        1189        1789
        2377        1189        1790        1789
        2378        1189        1190        1790
        2379        1190        1791        1790
        2380        1190        1191        1791
        2381        1191        1792        1791
        2382        1191        1192        1792
        2383        1192        1793        1792
        2384        1192        1193        1793
        2385        1193        1794        1793
        2386        1193        1194        1794
        2387        1194        1795        1794
        2388        1194        1195        1795
        2389        1195        1796        1795
        2390        1195        1196        1796
        2391        1196        1797        1796
        2392        1196        1197        1797
        2393        1197        1798        1797
        2394        1197        1198        1798
        2395        1198        1799        1798
        2396        1198        1199        1799
        2397        1199        1800        1799
        2398        1199        1200        1800
        2399        1200        1201        1800
        2400        1200         601        1201
 
 -100.000  -100.000  -100.000

        1800        2400
 
           1   20.2000000000000        10.0000000000000       0.000000000000000E+000
           2   20.2033333334140        10.0104438810328       0.000000000000000E+000
           3   20.2066666668281        10.0148472217819       0.000000000000000E+000
           4   20.2100000002421        10.0182436566688       0.000000000000000E+000
           5   20.2133333336562        10.0211114146285       0.000000000000000E+000
           6   20.2166666670702        10.0236358039594       0.000000000000000E+000
           7   20.2200000004843        10.0259119242574       0.000000000000000E+000
           8   20.2233333338983        10.0279963252915       0.000000000000000E+000
           9   20.2266666673124        10.0299259044306       0.000000000000000E+000
          10   20.2300000007264        10.0317263394930       0.000000000000000E+000
          11   20.2333333341405        10.0334163727590       0.000000000000000E+000
          12   20.2366666675545        10.0350101969341       0.000000000000000E+000
          13   20.2400000009686        10.0365188799440       0.000000000000000E+000
          14   20.2433333343826        10.0379512645302       0.000000000000000E+000
          15   20.2466666677967        10.0393145569708       0.000000000000000E+000
          16   20.2500000012107        10.0406147357756       0.000000000000000E+000
          17   20.2533333346248        10.0418568311208       0.000000000000000E+000
          18   20.2566666680388        10.0430451340891       0.000000000000000E+000
          19   20.2600000014529        10.0441833433048       0.000000000000000E+000
          20   20.2633333348669        10.0452746852362       0.000000000000000E+000
          21   20.2666666682810        10.0463219951614       0.000000000000000E+000
          22   20.2700000016950        10.0473277898308       0.000000000000000E+000
          23   20.2733333351091        10.0482943154601       0.000000000000000E+000
          24   20.2766666685231        10.0492235969764       0.000000000000000E+000
          25   20.2800000019372        10.0501174650134       0.000000000000000E+000
          26   20.2833333353512        10.0509775890787       0.000000000000000E+000
          27   20.2866666687652        10.0518054968700       0.000000000000000E+000
          28   20.2900000021793        10.0526025961559       0.000000000000000E+000
          29   20.2933333355933        10.0533701855852       0.000000000000000E+000
          30   20.2966666690074        10.0541094727355       0.000000000000000E+000
          31   20.3000000024214        10.0548215840456       0.000000000000000E+000
          32   20.3033333358355        10.0555075711986       0.000000000000000E+000
          33   20.3066666692495        10.0561684212375       0.000000000000000E+000
          34   20.3100000026636        10.0568050645978       0.000000000000000E+000
          35   20.3133333360776        10.0574183803148       0.000000000000000E+000
          36   20.3166666694917        10.0580091966991       0.000000000000000E+000
          37   20.3200000029057        10.0585783025069       0.000000000000000E+000
          38   20.3233333363198        10.0591264463564       0.000000000000000E+000
          39   20.3266666697338        10.0596543412403       0.000000000000000E+000
          40   20.3300000031479        10.0601626667536       0.000000000000000E+000
          41   20.3333333365619        10.0606520737534       0.000000000000000E+000
          42   20.3366666699760        10.0611231831179       0.000000000000000E+000
          43   20.3400000033900        10.0615765907530       0.000000000000000E+000
          44   20.3433333368041        10.0620128677073       0.000000000000000E+000
          45   20.3466666702181        10.0624325619436       0.000000000000000E+000
          46   20.3500000036322        10.0628361989982       0.000000000000000E+000
          47   20.3533333370462        10.0632242862086       0.000000000000000E+000
          48   20.3566666704603        10.0635973102809       0.000000000000000E+000
          49   20.3600000038743        10.0639557365981       0.000000000000000E+000
          50   20.3633333372883        10.0643000177310       0.000000000000000E+000
          51   20.3666666707024        10.0646305869523       0.000000000000000E+000
          52   20.3700000041164        10.0649478600455       0.000000000000000E+000
          53   20.3733333375305        10.0652522388993       0.000000000000000E+000
          54   20.3766666709445        10.0655441094454       0.000000000000000E+000
          55   20.3800000043586        10.0658238441910       0.000000000000000E+000
          56   20.3833333377726        10.0660917991077       0.000000000000000E+000
          57   20.3866666711867        10.0663483179210       0.000000000000000E+000
          58   20.3900000046007        10.0665937279727       0.000000000000000E+000
          59   20.3933333380148        10.0668283490812       0.000000000000000E+000
          60   20.3966666714288        10.0670524818754       0.000000000000000E+000
          61   20.4000000048429        10.0672664175157       0.000000000000000E+000
          62   20.4033333382569        10.0674704343463       0.000000000000000E+000
          63   20.4066666716710        10.0676647963816       0.000000000000000E+000
          64   20.4100000050850        10.0678497592192       0.000000000000000E+000
          65   20.4133333384991        10.0680255619584       0.000000000000000E+000
          66   20.4166666719131        10.0681924358628       0.000000000000000E+000
          67   20.4200000053272        10.0683505981017       0.000000000000000E+000
          68   20.4233333387412        10.0685002557183       0.000000000000000E+000
          69   20.4266666721553        10.0686416030629       0.000000000000000E+000
          70   20.4300000055693        10.0687748247982       0.000000000000000E+000
          71   20.4333333389834        10.0689000933040       0.000000000000000E+000
          72   20.4366666723974        10.0690175697936       0.000000000000000E+000
          73   20.4400000058115        10.0691274063503       0.000000000000000E+000
          74   20.4433333392255        10.0692297432960       0.000000000000000E+000
          75   20.4466666726395        10.0693247084130       0.000000000000000E+000
          76   20.4500000060536        10.0694124217442       0.000000000000000E+000
          77   20.4533333394676        10.0694929929342       0.000000000000000E+000
          78   20.4566666728817        10.0695665194933       0.000000000000000E+000
          79   20.4600000062957        10.0696330887803       0.000000000000000E+000
          80   20.4633333397098        10.0696927809090       0.000000000000000E+000
          81   20.4666666731238        10.0697456641977       0.000000000000000E+000
          82   20.4700000065379        10.0697917962015       0.000000000000000E+000
          83   20.4733333399519        10.0698312266005       0.000000000000000E+000
          84   20.4766666733660        10.0698639954271       0.000000000000000E+000
          85   20.4800000067800        10.0698901322193       0.000000000000000E+000
          86   20.4833333401941        10.0699096588954       0.000000000000000E+000
          87   20.4866666736081        10.0699225870354       0.000000000000000E+000
          88   20.4900000070222        10.0699289198160       0.000000000000000E+000
          89   20.4933333404362        10.0699286530104       0.000000000000000E+000
          90   20.4966666738503        10.0699217722590       0.000000000000000E+000
          91   20.5000000072643        10.0699082540626       0.000000000000000E+000
          92   20.5033333406784        10.0698880695656       0.000000000000000E+000
          93   20.5066666740924        10.0698611799558       0.000000000000000E+000
          94   20.5100000075065        10.0698275393105       0.000000000000000E+000
          95   20.5133333409205        10.0697870927850       0.000000000000000E+000
          96   20.5166666743346        10.0697397813165       0.000000000000000E+000
          97   20.5200000077486        10.0696855351509       0.000000000000000E+000
          98   20.5233333411627        10.0696242804055       0.000000000000000E+000
          99   20.5266666745767        10.0695559335228       0.000000000000000E+000
         100   20.5300000079907        10.0694804078290       0.000000000000000E+000
         101   20.5333333414048        10.0693976070529       0.000000000000000E+000
         102   20.5366666748188        10.0693074328126       0.000000000000000E+000
         103   20.5400000082329        10.0692097771993       0.000000000000000E+000
         104   20.5433333416469        10.0691045283984       0.000000000000000E+000
         105   20.5466666750610        10.0689915697896       0.000000000000000E+000
         106   20.5500000084750        10.0688707790460       0.000000000000000E+000
         107   20.5533333418891        10.0687420300255       0.000000000000000E+000
         108   20.5566666753031        10.0686051900045       0.000000000000000E+000
         109   20.5600000087172        10.0684601243613       0.000000000000000E+000
         110   20.5633333421312        10.0683066938072       0.000000000000000E+000
         111   20.5666666755453        10.0681447553425       0.000000000000000E+000
         112   20.5700000089593        10.0679741622799       0.000000000000000E+000
         113   20.5733333423734        10.0677947661291       0.000000000000000E+000
         114   20.5766666757874        10.0676064138251       0.000000000000000E+000
         115   20.5800000092015        10.0674089514737       0.000000000000000E+000
         116   20.5833333426155        10.0672022225089       0.000000000000000E+000
         117   20.5866666760296        10.0669860677118       0.000000000000000E+000
         118   20.5900000094436        10.0667603289545       0.000000000000000E+000
         119   20.5933333428577        10.0665248436297       0.000000000000000E+000
         120   20.5966666762717        10.0662794511870       0.000000000000000E+000
         121   20.6000000096858        10.0660239875610       0.000000000000000E+000
         122   20.6033333430998        10.0657582917069       0.000000000000000E+000
         123   20.6066666765138        10.0654821990958       0.000000000000000E+000
         124   20.6100000099279        10.0651955491800       0.000000000000000E+000
         125   20.6133333433419        10.0648981798194       0.000000000000000E+000
         126   20.6166666767560        10.0645899314857       0.000000000000000E+000
         127   20.6200000101700        10.0642706444817       0.000000000000000E+000
         128   20.6233333435841        10.0639401617476       0.000000000000000E+000
         129   20.6266666769981        10.0635983288734       0.000000000000000E+000
         130   20.6300000104122        10.0632449922479       0.000000000000000E+000
         131   20.6333333438262        10.0628800032607       0.000000000000000E+000
         132   20.6366666772403        10.0625032136572       0.000000000000000E+000
         133   20.6400000106543        10.0621144811362       0.000000000000000E+000
         134   20.6433333440684        10.0617136647041       0.000000000000000E+000
         135   20.6466666774824        10.0613006298069       0.000000000000000E+000
         136   20.6500000108965        10.0608752446142       0.000000000000000E+000
         137   20.6533333443105        10.0604373832883       0.000000000000000E+000
         138   20.6566666777246        10.0599869231989       0.000000000000000E+000
         139   20.6600000111386        10.0595237486572       0.000000000000000E+000
         140   20.6633333445527        10.0590477490614       0.000000000000000E+000
         141   20.6666666779667        10.0585588198362       0.000000000000000E+000
         142   20.6700000113808        10.0580568622077       0.000000000000000E+000
         143   20.6733333447948        10.0575417848407       0.000000000000000E+000
         144   20.6766666782089        10.0570135026822       0.000000000000000E+000
         145   20.6800000116229        10.0564719383649       0.000000000000000E+000
         146   20.6833333450370        10.0559170215160       0.000000000000000E+000
         147   20.6866666784510        10.0553486895785       0.000000000000000E+000
         148   20.6900000118650        10.0547668884001       0.000000000000000E+000
         149   20.6933333452791        10.0541715716569       0.000000000000000E+000
         150   20.6966666786931        10.0535627021401       0.000000000000000E+000
         151   20.7000000121072        10.0529402510558       0.000000000000000E+000
         152   20.7033333455212        10.0523041990597       0.000000000000000E+000
         153   20.7066666789353        10.0516545360667       0.000000000000000E+000
         154   20.7100000123493        10.0509912617430       0.000000000000000E+000
         155   20.7133333457634        10.0503143852395       0.000000000000000E+000
         156   20.7166666791774        10.0496239263097       0.000000000000000E+000
         157   20.7200000125915        10.0489199150827       0.000000000000000E+000
         158   20.7233333460055        10.0482023915436       0.000000000000000E+000
         159   20.7266666794196        10.0474714070515       0.000000000000000E+000
         160   20.7300000128336        10.0467270239951       0.000000000000000E+000
         161   20.7333333462477        10.0459693148653       0.000000000000000E+000
         162   20.7366666796617        10.0451983655195       0.000000000000000E+000
         163   20.7400000130758        10.0444142712274       0.000000000000000E+000
         164   20.7433333464898        10.0436171408658       0.000000000000000E+000
         165   20.7466666799039        10.0428070931977       0.000000000000000E+000
         166   20.7500000133179        10.0419842606008       0.000000000000000E+000
         167   20.7533333467320        10.0411487867434       0.000000000000000E+000
         168   20.7566666801460        10.0403008275190       0.000000000000000E+000
         169   20.7600000135601        10.0394405519812       0.000000000000000E+000
         170   20.7633333469741        10.0385681414158       0.000000000000000E+000
         171   20.7666666803882        10.0376837898098       0.000000000000000E+000
         172   20.7700000138022        10.0367877010606       0.000000000000000E+000
         173   20.7733333472162        10.0358800973611       0.000000000000000E+000
         174   20.7766666806303        10.0349612089581       0.000000000000000E+000
         175   20.7800000140443        10.0340312816061       0.000000000000000E+000
         176   20.7833333474584        10.0330905737759       0.000000000000000E+000
         177   20.7866666808724        10.0321393538637       0.000000000000000E+000
         178   20.7900000142865        10.0311779095071       0.000000000000000E+000
         179   20.7933333477005        10.0302065326865       0.000000000000000E+000
         180   20.7966666811146        10.0292255374228       0.000000000000000E+000
         181   20.8000000145286        10.0282352448789       0.000000000000000E+000
         182   20.8033333479427        10.0272359917442       0.000000000000000E+000
         183   20.8066666813567        10.0262281255803       0.000000000000000E+000
         184   20.8100000147708        10.0252120085483       0.000000000000000E+000
         185   20.8133333481848        10.0241880136866       0.000000000000000E+000
         186   20.8166666815989        10.0231565323630       0.000000000000000E+000
         187   20.8200000150129        10.0221179612388       0.000000000000000E+000
         188   20.8233333484270        10.0210727134468       0.000000000000000E+000
         189   20.8266666818410        10.0200212148676       0.000000000000000E+000
         190   20.8300000152551        10.0189639022699       0.000000000000000E+000
         191   20.8333333486691        10.0179012251743       0.000000000000000E+000
         192   20.8366666820832        10.0168336477183       0.000000000000000E+000
         193   20.8400000154972        10.0157616393449       0.000000000000000E+000
         194   20.8433333489113        10.0146856859803       0.000000000000000E+000
         195   20.8466666823253        10.0136062881733       0.000000000000000E+000
         196   20.8500000157394        10.0125239536459       0.000000000000000E+000
         197   20.8533333491534        10.0114392028836       0.000000000000000E+000
         198   20.8566666825674        10.0103525579611       0.000000000000000E+000
         199   20.8600000159815        10.0092645723459       0.000000000000000E+000
         200   20.8633333493955        10.0081757917847       0.000000000000000E+000
         201   20.8666666828096        10.0070867747939       0.000000000000000E+000
         202   20.8700000162236        10.0059981038374       0.000000000000000E+000
         203   20.8733333496377        10.0049103462118       0.000000000000000E+000
         204   20.8766666830517        10.0038241062029       0.000000000000000E+000
         205   20.8800000164658        10.0027399766576       0.000000000000000E+000
         206   20.8833333498798        10.0016585762384       0.000000000000000E+000
         207   20.8866666832939        10.0005805084468       0.000000000000000E+000
         208   20.8900000167079        9.99950640632808       0.000000000000000E+000
         209   20.8933333501220        9.99843690267010       0.000000000000000E+000
         210   20.8966666835360        9.99737264490592       0.000000000000000E+000
         211   20.9000000169501        9.99631426903796       0.000000000000000E+000
         212   20.9033333503641        9.99526243689220       0.000000000000000E+000
         213   20.9066666837782        9.99421781004230       0.000000000000000E+000
         214   20.9100000171922        9.99318105726140       0.000000000000000E+000
         215   20.9133333506063        9.99215284334740       0.000000000000000E+000
         216   20.9166666840203        9.99113385147584       0.000000000000000E+000
         217   20.9200000174344        9.99012476829983       0.000000000000000E+000
         218   20.9233333508484        9.98912627277531       0.000000000000000E+000
         219   20.9266666842625        9.98813906223911       0.000000000000000E+000
         220   20.9300000176765        9.98716382633297       0.000000000000000E+000
         221   20.9333333510905        9.98620126190574       0.000000000000000E+000
         222   20.9366666845046        9.98525206556377       0.000000000000000E+000
         223   20.9400000179186        9.98431694857310       0.000000000000000E+000
         224   20.9433333513327        9.98339660705805       0.000000000000000E+000
         225   20.9466666847467        9.98249174062865       0.000000000000000E+000
         226   20.9500000181608        9.98160305983211       0.000000000000000E+000
         227   20.9533333515748        9.98073127125261       0.000000000000000E+000
         228   20.9566666849889        9.97987707006156       0.000000000000000E+000
         229   20.9600000184029        9.97904116982080       0.000000000000000E+000
         230   20.9633333518170        9.97822426150530       0.000000000000000E+000
         231   20.9666666852310        9.97742705075683       0.000000000000000E+000
         232   20.9700000186451        9.97665023180783       0.000000000000000E+000
         233   20.9733333520591        9.97589449865799       0.000000000000000E+000
         234   20.9766666854732        9.97516054134983       0.000000000000000E+000
         235   20.9800000188872        9.97444904224413       0.000000000000000E+000
         236   20.9833333523013        9.97376069092187       0.000000000000000E+000
         237   20.9866666857153        9.97309615810795       0.000000000000000E+000
         238   20.9900000191294        9.97245610684776       0.000000000000000E+000
         239   20.9933333525434        9.97184120740908       0.000000000000000E+000
         240   20.9966666859575        9.97125211493104       0.000000000000000E+000
         241   21.0000000193715        9.97068948060065       0.000000000000000E+000
         242   21.0033333527856        9.97015394047764       0.000000000000000E+000
         243   21.0066666861996        9.96964612667100       0.000000000000000E+000
         244   21.0100000196137        9.96916666733957       0.000000000000000E+000
         245   21.0133333530277        9.96871617179160       0.000000000000000E+000
         246   21.0166666864417        9.96829524166117       0.000000000000000E+000
         247   21.0200000198558        9.96790446718359       0.000000000000000E+000
         248   21.0233333532698        9.96754443464649       0.000000000000000E+000
         249   21.0266666866839        9.96721570403878       0.000000000000000E+000
         250   21.0300000200979        9.96691883140290       0.000000000000000E+000
         251   21.0333333535120        9.96665437256070       0.000000000000000E+000
         252   21.0366666869260        9.96642283841051       0.000000000000000E+000
         253   21.0400000203401        9.96622475080709       0.000000000000000E+000
         254   21.0433333537541        9.96606060530919       0.000000000000000E+000
         255   21.0466666871682        9.96593089725720       0.000000000000000E+000
         256   21.0500000205822        9.96583608079541       0.000000000000000E+000
         257   21.0533333539963        9.96577661730134       0.000000000000000E+000
         258   21.0566666874103        9.96575293813333       0.000000000000000E+000
         259   21.0600000208244        9.96576545953217       0.000000000000000E+000
         260   21.0633333542384        9.96581457517105       0.000000000000000E+000
         261   21.0666666876525        9.96590067478247       0.000000000000000E+000
         262   21.0700000210665        9.96602411808168       0.000000000000000E+000
         263   21.0733333544806        9.96618524594298       0.000000000000000E+000
         264   21.0766666878946        9.96638437294966       0.000000000000000E+000
         265   21.0800000213087        9.96662181347142       0.000000000000000E+000
         266   21.0833333547227        9.96689783696136       0.000000000000000E+000
         267   21.0866666881368        9.96721270520931       0.000000000000000E+000
         268   21.0900000215508        9.96756666116634       0.000000000000000E+000
         269   21.0933333549649        9.96795991404408       0.000000000000000E+000
         270   21.0966666883789        9.96839265049096       0.000000000000000E+000
         271   21.1000000217929        9.96886504949380       0.000000000000000E+000
         272   21.1033333552070        9.96937724139998       0.000000000000000E+000
         273   21.1066666886210        9.96992936379721       0.000000000000000E+000
         274   21.1100000220351        9.97052149818397       0.000000000000000E+000
         275   21.1133333554491        9.97115372584924       0.000000000000000E+000
         276   21.1166666888632        9.97182609061998       0.000000000000000E+000
         277   21.1200000222772        9.97253860631204       0.000000000000000E+000
         278   21.1233333556913        9.97329127535704       0.000000000000000E+000
         279   21.1266666891053        9.97408406272559       0.000000000000000E+000
         280   21.1300000225194        9.97491690710362       0.000000000000000E+000
         281   21.1333333559334        9.97578972089262       0.000000000000000E+000
         282   21.1366666893475        9.97670240138593       0.000000000000000E+000
         283   21.1400000227615        9.97765480096669       0.000000000000000E+000
         284   21.1433333561756        9.97864675504787       0.000000000000000E+000
         285   21.1466666895896        9.97967806158348       0.000000000000000E+000
         286   21.1500000230037        9.98074850342065       0.000000000000000E+000
         287   21.1533333564177        9.98185782594818       0.000000000000000E+000
         288   21.1566666898318        9.98300574454743       0.000000000000000E+000
         289   21.1600000232458        9.98419195204319       0.000000000000000E+000
         290   21.1633333566599        9.98541610939077       0.000000000000000E+000
         291   21.1666666900739        9.98667784381364       0.000000000000000E+000
         292   21.1700000234880        9.98797676556751       0.000000000000000E+000
         293   21.1733333569020        9.98931244000096       0.000000000000000E+000
         294   21.1766666903161        9.99068441456404       0.000000000000000E+000
         295   21.1800000237301        9.99209220204479       0.000000000000000E+000
         296   21.1833333571441        9.99353528522604       0.000000000000000E+000
         297   21.1866666905582        9.99501312061105       0.000000000000000E+000
         298   21.1900000239722        9.99652513190447       0.000000000000000E+000
         299   21.1933333573863        9.99807071327223       0.000000000000000E+000
         300   21.1966666908003        9.99964923097160       0.000000000000000E+000
         301   21.2000000242144        10.0000000152144       0.000000000000000E+000
         302   21.1966666908003        9.99619574833322       0.000000000000000E+000
         303   21.1933333573863        9.99368759137588       0.000000000000000E+000
         304   21.1900000239722        9.99121617824496       0.000000000000000E+000
         305   21.1866666905582        9.98878211618509       0.000000000000000E+000
         306   21.1833333571441        9.98638598493583       0.000000000000000E+000
         307   21.1800000237301        9.98402833510214       0.000000000000000E+000
         308   21.1766666903161        9.98170968489501       0.000000000000000E+000
         309   21.1733333569020        9.97943052665096       0.000000000000000E+000
         310   21.1700000234880        9.97719132310704       0.000000000000000E+000
         311   21.1666666900739        9.97499250274446       0.000000000000000E+000
         312   21.1633333566599        9.97283447655269       0.000000000000000E+000
         313   21.1600000232458        9.97071761102139       0.000000000000000E+000
         314   21.1566666898318        9.96864225608033       0.000000000000000E+000
         315   21.1533333564177        9.96660872833591       0.000000000000000E+000
         316   21.1500000230037        9.96461731293410       0.000000000000000E+000
         317   21.1466666895896        9.96266827287392       0.000000000000000E+000
         318   21.1433333561756        9.96076184155720       0.000000000000000E+000
         319   21.1400000227615        9.95889821533828       0.000000000000000E+000
         320   21.1366666893475        9.95707757587609       0.000000000000000E+000
         321   21.1333333559334        9.95530006778268       0.000000000000000E+000
         322   21.1300000225194        9.95356581911270       0.000000000000000E+000
         323   21.1266666891053        9.95187491342397       0.000000000000000E+000
         324   21.1233333556913        9.95022741958019       0.000000000000000E+000
         325   21.1200000222772        9.94862338057541       0.000000000000000E+000
         326   21.1166666888632        9.94706281353432       0.000000000000000E+000
         327   21.1133333554491        9.94554569853678       0.000000000000000E+000
         328   21.1100000220351        9.94407200469517       0.000000000000000E+000
         329   21.1066666886210        9.94264167152831       0.000000000000000E+000
         330   21.1033333552070        9.94125460151126       0.000000000000000E+000
         331   21.1000000217929        9.93991069732855       0.000000000000000E+000
         332   21.0966666883789        9.93860980599526       0.000000000000000E+000
         333   21.0933333549649        9.93735178218729       0.000000000000000E+000
         334   21.0900000215508        9.93613643236241       0.000000000000000E+000
         335   21.0866666881368        9.93496355573888       0.000000000000000E+000
         336   21.0833333547227        9.93383292939463       0.000000000000000E+000
         337   21.0800000213087        9.93274429709186       0.000000000000000E+000
         338   21.0766666878946        9.93169738417858       0.000000000000000E+000
         339   21.0733333544806        9.93069190876493       0.000000000000000E+000
         340   21.0700000210665        9.92972754447068       0.000000000000000E+000
         341   21.0666666876525        9.92880396512918       0.000000000000000E+000
         342   21.0633333542384        9.92792081871074       0.000000000000000E+000
         343   21.0600000208244        9.92707773477373       0.000000000000000E+000
         344   21.0566666874103        9.92627431328908       0.000000000000000E+000
         345   21.0533333539963        9.92551015071786       0.000000000000000E+000
         346   21.0500000205822        9.92478482138526       0.000000000000000E+000
         347   21.0466666871682        9.92409788493169       0.000000000000000E+000
         348   21.0433333537541        9.92344887141210       0.000000000000000E+000
         349   21.0400000203401        9.92283731854936       0.000000000000000E+000
         350   21.0366666869260        9.92226272330604       0.000000000000000E+000
         351   21.0333333535120        9.92172458286313       0.000000000000000E+000
         352   21.0300000200979        9.92122236854350       0.000000000000000E+000
         353   21.0266666866839        9.92075556306536       0.000000000000000E+000
         354   21.0233333532698        9.92032360466349       0.000000000000000E+000
         355   21.0200000198558        9.91992593179322       0.000000000000000E+000
         356   21.0166666864417        9.91956197940578       0.000000000000000E+000
         357   21.0133333530277        9.91923115659709       0.000000000000000E+000
         358   21.0100000196137        9.91893286896013       0.000000000000000E+000
         359   21.0066666861996        9.91866651113494       0.000000000000000E+000
         360   21.0033333527856        9.91843147053453       0.000000000000000E+000
         361   21.0000000193715        9.91822711616964       0.000000000000000E+000
         362   20.9966666859575        9.91805281355054       0.000000000000000E+000
         363   20.9933333525434        9.91790792468768       0.000000000000000E+000
         364   20.9900000191294        9.91779179691648       0.000000000000000E+000
         365   20.9866666857153        9.91770377407388       0.000000000000000E+000
         366   20.9833333523013        9.91764318532315       0.000000000000000E+000
         367   20.9800000188872        9.91760936750634       0.000000000000000E+000
         368   20.9766666854732        9.91760165024382       0.000000000000000E+000
         369   20.9733333520591        9.91761934475918       0.000000000000000E+000
         370   20.9700000186451        9.91766176995695       0.000000000000000E+000
         371   20.9666666852310        9.91772823752222       0.000000000000000E+000
         372   20.9633333518170        9.91781805564673       0.000000000000000E+000
         373   20.9600000184029        9.91793053275488       0.000000000000000E+000
         374   20.9566666849889        9.91806496632875       0.000000000000000E+000
         375   20.9533333515748        9.91822066898586       0.000000000000000E+000
         376   20.9500000181608        9.91839693122719       0.000000000000000E+000
         377   20.9466666847467        9.91859306241615       0.000000000000000E+000
         378   20.9433333513327        9.91880836097717       0.000000000000000E+000
         379   20.9400000179186        9.91904212184717       0.000000000000000E+000
         380   20.9366666845046        9.91929365137759       0.000000000000000E+000
         381   20.9333333510905        9.91956225988477       0.000000000000000E+000
         382   20.9300000176765        9.91984724302442       0.000000000000000E+000
         383   20.9266666842625        9.92014791159493       0.000000000000000E+000
         384   20.9233333508484        9.92046357663713       0.000000000000000E+000
         385   20.9200000174344        9.92079355688594       0.000000000000000E+000
         386   20.9166666840203        9.92113716387021       0.000000000000000E+000
         387   20.9133333506063        9.92149372799078       0.000000000000000E+000
         388   20.9100000171922        9.92186257244451       0.000000000000000E+000
         389   20.9066666837782        9.92224302440127       0.000000000000000E+000
         390   20.9033333503641        9.92263442990620       0.000000000000000E+000
         391   20.9000000169501        9.92303613152909       0.000000000000000E+000
         392   20.8966666835360        9.92344747954143       0.000000000000000E+000
         393   20.8933333501220        9.92386782446698       0.000000000000000E+000
         394   20.8900000167079        9.92429654316008       0.000000000000000E+000
         395   20.8866666832939        9.92473300155391       0.000000000000000E+000
         396   20.8833333498798        9.92517658073882       0.000000000000000E+000
         397   20.8800000164658        9.92562666206248       0.000000000000000E+000
         398   20.8766666830517        9.92608265693346       0.000000000000000E+000
         399   20.8733333496377        9.92654396211918       0.000000000000000E+000
         400   20.8700000162236        9.92701000072541       0.000000000000000E+000
         401   20.8666666828096        9.92748018494482       0.000000000000000E+000
         402   20.8633333493955        9.92795396448719       0.000000000000000E+000
         403   20.8600000159815        9.92843077442678       0.000000000000000E+000
         404   20.8566666825674        9.92891007431947       0.000000000000000E+000
         405   20.8533333491534        9.92939133702835       0.000000000000000E+000
         406   20.8500000157394        9.92987402823623       0.000000000000000E+000
         407   20.8466666823253        9.93035764556283       0.000000000000000E+000
         408   20.8433333489113        9.93084168876408       0.000000000000000E+000
         409   20.8400000154972        9.93132567090968       0.000000000000000E+000
         410   20.8366666820832        9.93180911279692       0.000000000000000E+000
         411   20.8333333486691        9.93229155040299       0.000000000000000E+000
         412   20.8300000152551        9.93277253674951       0.000000000000000E+000
         413   20.8266666818410        9.93325163072843       0.000000000000000E+000
         414   20.8233333484270        9.93372840641722       0.000000000000000E+000
         415   20.8200000150129        9.93420245121815       0.000000000000000E+000
         416   20.8166666815989        9.93467336399764       0.000000000000000E+000
         417   20.8133333481848        9.93514075695094       0.000000000000000E+000
         418   20.8100000147708        9.93560425932952       0.000000000000000E+000
         419   20.8066666813567        9.93606350626736       0.000000000000000E+000
         420   20.8033333479427        9.93651815182164       0.000000000000000E+000
         421   20.8000000145286        9.93696786152443       0.000000000000000E+000
         422   20.7966666811146        9.93741231611025       0.000000000000000E+000
         423   20.7933333477005        9.93785120779321       0.000000000000000E+000
         424   20.7900000142865        9.93828424492601       0.000000000000000E+000
         425   20.7866666808724        9.93871114362050       0.000000000000000E+000
         426   20.7833333474584        9.93913164265146       0.000000000000000E+000
         427   20.7800000140443        9.93954548576404       0.000000000000000E+000
         428   20.7766666806303        9.93995243657762       0.000000000000000E+000
         429   20.7733333472162        9.94035226927533       0.000000000000000E+000
         430   20.7700000138022        9.94074477140088       0.000000000000000E+000
         431   20.7666666803882        9.94112974665539       0.000000000000000E+000
         432   20.7633333469741        9.94150700744980       0.000000000000000E+000
         433   20.7600000135601        9.94187638515250       0.000000000000000E+000
         434   20.7566666801460        9.94223772171052       0.000000000000000E+000
         435   20.7533333467320        9.94259087244678       0.000000000000000E+000
         436   20.7500000133179        9.94293570559772       0.000000000000000E+000
         437   20.7466666799039        9.94327210324799       0.000000000000000E+000
         438   20.7433333464898        9.94359996040268       0.000000000000000E+000
         439   20.7400000130758        9.94391918405956       0.000000000000000E+000
         440   20.7366666796617        9.94422969554109       0.000000000000000E+000
         441   20.7333333462477        9.94453142677293       0.000000000000000E+000
         442   20.7300000128336        9.94482432401311       0.000000000000000E+000
         443   20.7266666794196        9.94510834366514       0.000000000000000E+000
         444   20.7233333460055        9.94538345624021       0.000000000000000E+000
         445   20.7200000125915        9.94564964310185       0.000000000000000E+000
         446   20.7166666791774        9.94590689740160       0.000000000000000E+000
         447   20.7133333457634        9.94615522443275       0.000000000000000E+000
         448   20.7100000123493        9.94639464012160       0.000000000000000E+000
         449   20.7066666789353        9.94662517155606       0.000000000000000E+000
         450   20.7033333455212        9.94684685722341       0.000000000000000E+000
         451   20.7000000121072        9.94705974590136       0.000000000000000E+000
         452   20.6966666786931        9.94726389693628       0.000000000000000E+000
         453   20.6933333452791        9.94745937976074       0.000000000000000E+000
         454   20.6900000118650        9.94764627409582       0.000000000000000E+000
         455   20.6866666784510        9.94782466892706       0.000000000000000E+000
         456   20.6833333450370        9.94799466321692       0.000000000000000E+000
         457   20.6800000116229        9.94815636463023       0.000000000000000E+000
         458   20.6766666782089        9.94830989012251       0.000000000000000E+000
         459   20.6733333447948        9.94845536536434       0.000000000000000E+000
         460   20.6700000113808        9.94859292393310       0.000000000000000E+000
         461   20.6666666779667        9.94872270801831       0.000000000000000E+000
         462   20.6633333445527        9.94884486703175       0.000000000000000E+000
         463   20.6600000111386        9.94895955877889       0.000000000000000E+000
         464   20.6566666777246        9.94906694783664       0.000000000000000E+000
         465   20.6533333443105        9.94916720579397       0.000000000000000E+000
         466   20.6500000108965        9.94926051032864       0.000000000000000E+000
         467   20.6466666774824        9.94934704707819       0.000000000000000E+000
         468   20.6433333440684        9.94942700592322       0.000000000000000E+000
         469   20.6400000106543        9.94950058379025       0.000000000000000E+000
         470   20.6366666772403        9.94956798140134       0.000000000000000E+000
         471   20.6333333438262        9.94962940700883       0.000000000000000E+000
         472   20.6300000104122        9.94968507128295       0.000000000000000E+000
         473   20.6266666769981        9.94973519197862       0.000000000000000E+000
         474   20.6233333435841        9.94977998835805       0.000000000000000E+000
         475   20.6200000101700        9.94981968585827       0.000000000000000E+000
         476   20.6166666767560        9.94985451191151       0.000000000000000E+000
         477   20.6133333433419        9.94988469781956       0.000000000000000E+000
         478   20.6100000099279        9.94991047876591       0.000000000000000E+000
         479   20.6066666765138        9.94993209103438       0.000000000000000E+000
         480   20.6033333430998        9.94994977481615       0.000000000000000E+000
         481   20.6000000096858        9.94996377003235       0.000000000000000E+000
         482   20.5966666762717        9.94997432193604       0.000000000000000E+000
         483   20.5933333428577        9.94998167367623       0.000000000000000E+000
         484   20.5900000094436        9.94998607283228       0.000000000000000E+000
         485   20.5866666760296        9.94998776491036       0.000000000000000E+000
         486   20.5833333426155        9.94998699894773       0.000000000000000E+000
         487   20.5800000092015        9.94998402101048       0.000000000000000E+000
         488   20.5766666757874        9.94997907979908       0.000000000000000E+000
         489   20.5733333423734        9.94997242294148       0.000000000000000E+000
         490   20.5700000089593        9.94996429701219       0.000000000000000E+000
         491   20.5666666755453        9.94995494941478       0.000000000000000E+000
         492   20.5633333421312        9.94994462467733       0.000000000000000E+000
         493   20.5600000087172        9.94993356726788       0.000000000000000E+000
         494   20.5566666753031        9.94992201975424       0.000000000000000E+000
         495   20.5533333418891        9.94991022282743       0.000000000000000E+000
         496   20.5500000084750        9.94989841439467       0.000000000000000E+000
         497   20.5466666750610        9.94988683239881       0.000000000000000E+000
         498   20.5433333416469        9.94987571018828       0.000000000000000E+000
         499   20.5400000082329        9.94986527933868       0.000000000000000E+000
         500   20.5366666748188        9.94985576781914       0.000000000000000E+000
         501   20.5333333414048        9.94984740095379       0.000000000000000E+000
         502   20.5300000079907        9.94984040238471       0.000000000000000E+000
         503   20.5266666745767        9.94983498851697       0.000000000000000E+000
         504   20.5233333411627        9.94983137600375       0.000000000000000E+000
         505   20.5200000077486        9.94982977433195       0.000000000000000E+000
         506   20.5166666743346        9.94983039237922       0.000000000000000E+000
         507   20.5133333409205        9.94983343193437       0.000000000000000E+000
         508   20.5100000075065        9.94983909332685       0.000000000000000E+000
         509   20.5066666740924        9.94984756895107       0.000000000000000E+000
         510   20.5033333406784        9.94985904983129       0.000000000000000E+000
         511   20.5000000072643        9.94987372101300       0.000000000000000E+000
         512   20.4966666738503        9.94989176347597       0.000000000000000E+000
         513   20.4933333404362        9.94991335139310       0.000000000000000E+000
         514   20.4900000070222        9.94993865684277       0.000000000000000E+000
         515   20.4866666736081        9.94996784614199       0.000000000000000E+000
         516   20.4833333401941        9.95000107897670       0.000000000000000E+000
         517   20.4800000067800        9.95003851126060       0.000000000000000E+000
         518   20.4766666733660        9.95008029427214       0.000000000000000E+000
         519   20.4733333399519        9.95012657286398       0.000000000000000E+000
         520   20.4700000065379        9.95017748833295       0.000000000000000E+000
         521   20.4666666731238        9.95023317570635       0.000000000000000E+000
         522   20.4633333397098        9.95029376475810       0.000000000000000E+000
         523   20.4600000062957        9.95035938196097       0.000000000000000E+000
         524   20.4566666728817        9.95043014778752       0.000000000000000E+000
         525   20.4533333394676        9.95050617587906       0.000000000000000E+000
         526   20.4500000060536        9.95058757780875       0.000000000000000E+000
         527   20.4466666726395        9.95067446040025       0.000000000000000E+000
         528   20.4433333392255        9.95076692398482       0.000000000000000E+000
         529   20.4400000058115        9.95086506439096       0.000000000000000E+000
         530   20.4366666723974        9.95096897587340       0.000000000000000E+000
         531   20.4333333389834        9.95107874660007       0.000000000000000E+000
         532   20.4300000055693        9.95119445973629       0.000000000000000E+000
         533   20.4266666721553        9.95131619640161       0.000000000000000E+000
         534   20.4233333387412        9.95144403398086       0.000000000000000E+000
         535   20.4200000053272        9.95157804537823       0.000000000000000E+000
         536   20.4166666719131        9.95171830200929       0.000000000000000E+000
         537   20.4133333384991        9.95186487121894       0.000000000000000E+000
         538   20.4100000050850        9.95201781930217       0.000000000000000E+000
         539   20.4066666716710        9.95217720802184       0.000000000000000E+000
         540   20.4033333382569        9.95234310138875       0.000000000000000E+000
         541   20.4000000048429        9.95251555755989       0.000000000000000E+000
         542   20.3966666714288        9.95269463752153       0.000000000000000E+000
         543   20.3933333380148        9.95288039982562       0.000000000000000E+000
         544   20.3900000046007        9.95307290280200       0.000000000000000E+000
         545   20.3866666711867        9.95327220866099       0.000000000000000E+000
         546   20.3833333377726        9.95347837458795       0.000000000000000E+000
         547   20.3800000043586        9.95369146529177       0.000000000000000E+000
         548   20.3766666709445        9.95391154510117       0.000000000000000E+000
         549   20.3733333375305        9.95413868314040       0.000000000000000E+000
         550   20.3700000041164        9.95437295016814       0.000000000000000E+000
         551   20.3666666707024        9.95461442291701       0.000000000000000E+000
         552   20.3633333372883        9.95486318290078       0.000000000000000E+000
         553   20.3600000038743        9.95511931993993       0.000000000000000E+000
         554   20.3566666704603        9.95538293016837       0.000000000000000E+000
         555   20.3533333370462        9.95565411597982       0.000000000000000E+000
         556   20.3500000036322        9.95593299444243       0.000000000000000E+000
         557   20.3466666702181        9.95621969090933       0.000000000000000E+000
         558   20.3433333368041        9.95651434205142       0.000000000000000E+000
         559   20.3400000033900        9.95681710087621       0.000000000000000E+000
         560   20.3366666699760        9.95712813536668       0.000000000000000E+000
         561   20.3333333365619        9.95744763100390       0.000000000000000E+000
         562   20.3300000031479        9.95777579253845       0.000000000000000E+000
         563   20.3266666697338        9.95811284783027       0.000000000000000E+000
         564   20.3233333363198        9.95845904726779       0.000000000000000E+000
         565   20.3200000029057        9.95881466997733       0.000000000000000E+000
         566   20.3166666694917        9.95918002475753       0.000000000000000E+000
         567   20.3133333360776        9.95955545416999       0.000000000000000E+000
         568   20.3100000026636        9.95994133718895       0.000000000000000E+000
         569   20.3066666692495        9.96033809793107       0.000000000000000E+000
         570   20.3033333358355        9.96074620378707       0.000000000000000E+000
         571   20.3000000024214        9.96116617541040       0.000000000000000E+000
         572   20.2966666690074        9.96159859378757       0.000000000000000E+000
         573   20.2933333355933        9.96204410640763       0.000000000000000E+000
         574   20.2900000021793        9.96250343365267       0.000000000000000E+000
         575   20.2866666687652        9.96297738170023       0.000000000000000E+000
         576   20.2833333353512        9.96346685524981       0.000000000000000E+000
         577   20.2800000019372        9.96397286625788       0.000000000000000E+000
         578   20.2766666685231        9.96449655499189       0.000000000000000E+000
         579   20.2733333351091        9.96503920632330       0.000000000000000E+000
         580   20.2700000016950        9.96560227649402       0.000000000000000E+000
         581   20.2666666682810        9.96618741603951       0.000000000000000E+000
         582   20.2633333348669        9.96679651168494       0.000000000000000E+000
         583   20.2600000014529        9.96743172255298       0.000000000000000E+000
         584   20.2566666680388        9.96809553933219       0.000000000000000E+000
         585   20.2533333346248        9.96879084762696       0.000000000000000E+000
         586   20.2500000012107        9.96952102196130       0.000000000000000E+000
         587   20.2466666677967        9.97029003397417       0.000000000000000E+000
         588   20.2433333343826        9.97110260929935       0.000000000000000E+000
         589   20.2400000009686        9.97196442935477       0.000000000000000E+000
         590   20.2366666675545        9.97288242102174       0.000000000000000E+000
         591   20.2333333341405        9.97386515649249       0.000000000000000E+000
         592   20.2300000007264        9.97492344851039       0.000000000000000E+000
         593   20.2266666673124        9.97607124810281       0.000000000000000E+000
         594   20.2233333338983        9.97732707030714       0.000000000000000E+000
         595   20.2200000004843        9.97871638153169       0.000000000000000E+000
         596   20.2166666670702        9.98027588356742       0.000000000000000E+000
         597   20.2133333336562        9.98206194690391       0.000000000000000E+000
         598   20.2100000002421        9.98416950862113       0.000000000000000E+000
         599   20.2066666668281        9.98678373266246       0.000000000000000E+000
         600   20.2033333334140        9.99038272095397       0.000000000000000E+000
         601   20.2000000000000        10.0000000000000       1.500000000000000E-002
         602   20.2033333334140        10.0104438810328       1.500000000000000E-002
         603   20.2066666668281        10.0148472217819       1.500000000000000E-002
         604   20.2100000002421        10.0182436566688       1.500000000000000E-002
         605   20.2133333336562        10.0211114146285       1.500000000000000E-002
         606   20.2166666670702        10.0236358039594       1.500000000000000E-002
         607   20.2200000004843        10.0259119242574       1.500000000000000E-002
         608   20.2233333338983        10.0279963252915       1.500000000000000E-002
         609   20.2266666673124        10.0299259044306       1.500000000000000E-002
         610   20.2300000007264        10.0317263394930       1.500000000000000E-002
         611   20.2333333341405        10.0334163727590       1.500000000000000E-002
         612   20.2366666675545        10.0350101969341       1.500000000000000E-002
         613   20.2400000009686        10.0365188799440       1.500000000000000E-002
         614   20.2433333343826        10.0379512645302       1.500000000000000E-002
         615   20.2466666677967        10.0393145569708       1.500000000000000E-002
         616   20.2500000012107        10.0406147357756       1.500000000000000E-002
         617   20.2533333346248        10.0418568311208       1.500000000000000E-002
         618   20.2566666680388        10.0430451340891       1.500000000000000E-002
         619   20.2600000014529        10.0441833433048       1.500000000000000E-002
         620   20.2633333348669        10.0452746852362       1.500000000000000E-002
         621   20.2666666682810        10.0463219951614       1.500000000000000E-002
         622   20.2700000016950        10.0473277898308       1.500000000000000E-002
         623   20.2733333351091        10.0482943154601       1.500000000000000E-002
         624   20.2766666685231        10.0492235969764       1.500000000000000E-002
         625   20.2800000019372        10.0501174650134       1.500000000000000E-002
         626   20.2833333353512        10.0509775890787       1.500000000000000E-002
         627   20.2866666687652        10.0518054968700       1.500000000000000E-002
         628   20.2900000021793        10.0526025961559       1.500000000000000E-002
         629   20.2933333355933        10.0533701855852       1.500000000000000E-002
         630   20.2966666690074        10.0541094727355       1.500000000000000E-002
         631   20.3000000024214        10.0548215840456       1.500000000000000E-002
         632   20.3033333358355        10.0555075711986       1.500000000000000E-002
         633   20.3066666692495        10.0561684212375       1.500000000000000E-002
         634   20.3100000026636        10.0568050645978       1.500000000000000E-002
         635   20.3133333360776        10.0574183803148       1.500000000000000E-002
         636   20.3166666694917        10.0580091966991       1.500000000000000E-002
         637   20.3200000029057        10.0585783025069       1.500000000000000E-002
         638   20.3233333363198        10.0591264463564       1.500000000000000E-002
         639   20.3266666697338        10.0596543412403       1.500000000000000E-002
         640   20.3300000031479        10.0601626667536       1.500000000000000E-002
         641   20.3333333365619        10.0606520737534       1.500000000000000E-002
         642   20.3366666699760        10.0611231831179       1.500000000000000E-002
         643   20.3400000033900        10.0615765907530       1.500000000000000E-002
         644   20.3433333368041        10.0620128677073       1.500000000000000E-002
         645   20.3466666702181        10.0624325619436       1.500000000000000E-002
         646   20.3500000036322        10.0628361989982       1.500000000000000E-002
         647   20.3533333370462        10.0632242862086       1.500000000000000E-002
         648   20.3566666704603        10.0635973102809       1.500000000000000E-002
         649   20.3600000038743        10.0639557365981       1.500000000000000E-002
         650   20.3633333372883        10.0643000177310       1.500000000000000E-002
         651   20.3666666707024        10.0646305869523       1.500000000000000E-002
         652   20.3700000041164        10.0649478600455       1.500000000000000E-002
         653   20.3733333375305        10.0652522388993       1.500000000000000E-002
         654   20.3766666709445        10.0655441094454       1.500000000000000E-002
         655   20.3800000043586        10.0658238441910       1.500000000000000E-002
         656   20.3833333377726        10.0660917991077       1.500000000000000E-002
         657   20.3866666711867        10.0663483179210       1.500000000000000E-002
         658   20.3900000046007        10.0665937279727       1.500000000000000E-002
         659   20.3933333380148        10.0668283490812       1.500000000000000E-002
         660   20.3966666714288        10.0670524818754       1.500000000000000E-002
         661   20.4000000048429        10.0672664175157       1.500000000000000E-002
         662   20.4033333382569        10.0674704343463       1.500000000000000E-002
         663   20.4066666716710        10.0676647963816       1.500000000000000E-002
         664   20.4100000050850        10.0678497592192       1.500000000000000E-002
         665   20.4133333384991        10.0680255619584       1.500000000000000E-002
         666   20.4166666719131        10.0681924358628       1.500000000000000E-002
         667   20.4200000053272        10.0683505981017       1.500000000000000E-002
         668   20.4233333387412        10.0685002557183       1.500000000000000E-002
         669   20.4266666721553        10.0686416030629       1.500000000000000E-002
         670   20.4300000055693        10.0687748247982       1.500000000000000E-002
         671   20.4333333389834        10.0689000933040       1.500000000000000E-002
         672   20.4366666723974        10.0690175697936       1.500000000000000E-002
         673   20.4400000058115        10.0691274063503       1.500000000000000E-002
         674   20.4433333392255        10.0692297432960       1.500000000000000E-002
         675   20.4466666726395        10.0693247084130       1.500000000000000E-002
         676   20.4500000060536        10.0694124217442       1.500000000000000E-002
         677   20.4533333394676        10.0694929929342       1.500000000000000E-002
         678   20.4566666728817        10.0695665194933       1.500000000000000E-002
         679   20.4600000062957        10.0696330887803       1.500000000000000E-002
         680   20.4633333397098        10.0696927809090       1.500000000000000E-002
         681   20.4666666731238        10.0697456641977       1.500000000000000E-002
         682   20.4700000065379        10.0697917962015       1.500000000000000E-002
         683   20.4733333399519        10.0698312266005       1.500000000000000E-002
         684   20.4766666733660        10.0698639954271       1.500000000000000E-002
         685   20.4800000067800        10.0698901322193       1.500000000000000E-002
         686   20.4833333401941        10.0699096588954       1.500000000000000E-002
         687   20.4866666736081        10.0699225870354       1.500000000000000E-002
         688   20.4900000070222        10.0699289198160       1.500000000000000E-002
         689   20.4933333404362        10.0699286530104       1.500000000000000E-002
         690   20.4966666738503        10.0699217722590       1.500000000000000E-002
         691   20.5000000072643        10.0699082540626       1.500000000000000E-002
         692   20.5033333406784        10.0698880695656       1.500000000000000E-002
         693   20.5066666740924        10.0698611799558       1.500000000000000E-002
         694   20.5100000075065        10.0698275393105       1.500000000000000E-002
         695   20.5133333409205        10.0697870927850       1.500000000000000E-002
         696   20.5166666743346        10.0697397813165       1.500000000000000E-002
         697   20.5200000077486        10.0696855351509       1.500000000000000E-002
         698   20.5233333411627        10.0696242804055       1.500000000000000E-002
         699   20.5266666745767        10.0695559335228       1.500000000000000E-002
         700   20.5300000079907        10.0694804078290       1.500000000000000E-002
         701   20.5333333414048        10.0693976070529       1.500000000000000E-002
         702   20.5366666748188        10.0693074328126       1.500000000000000E-002
         703   20.5400000082329        10.0692097771993       1.500000000000000E-002
         704   20.5433333416469        10.0691045283984       1.500000000000000E-002
         705   20.5466666750610        10.0689915697896       1.500000000000000E-002
         706   20.5500000084750        10.0688707790460       1.500000000000000E-002
         707   20.5533333418891        10.0687420300255       1.500000000000000E-002
         708   20.5566666753031        10.0686051900045       1.500000000000000E-002
         709   20.5600000087172        10.0684601243613       1.500000000000000E-002
         710   20.5633333421312        10.0683066938072       1.500000000000000E-002
         711   20.5666666755453        10.0681447553425       1.500000000000000E-002
         712   20.5700000089593        10.0679741622799       1.500000000000000E-002
         713   20.5733333423734        10.0677947661291       1.500000000000000E-002
         714   20.5766666757874        10.0676064138251       1.500000000000000E-002
         715   20.5800000092015        10.0674089514737       1.500000000000000E-002
         716   20.5833333426155        10.0672022225089       1.500000000000000E-002
         717   20.5866666760296        10.0669860677118       1.500000000000000E-002
         718   20.5900000094436        10.0667603289545       1.500000000000000E-002
         719   20.5933333428577        10.0665248436297       1.500000000000000E-002
         720   20.5966666762717        10.0662794511870       1.500000000000000E-002
         721   20.6000000096858        10.0660239875610       1.500000000000000E-002
         722   20.6033333430998        10.0657582917069       1.500000000000000E-002
         723   20.6066666765138        10.0654821990958       1.500000000000000E-002
         724   20.6100000099279        10.0651955491800       1.500000000000000E-002
         725   20.6133333433419        10.0648981798194       1.500000000000000E-002
         726   20.6166666767560        10.0645899314857       1.500000000000000E-002
         727   20.6200000101700        10.0642706444817       1.500000000000000E-002
         728   20.6233333435841        10.0639401617476       1.500000000000000E-002
         729   20.6266666769981        10.0635983288734       1.500000000000000E-002
         730   20.6300000104122        10.0632449922479       1.500000000000000E-002
         731   20.6333333438262        10.0628800032607       1.500000000000000E-002
         732   20.6366666772403        10.0625032136572       1.500000000000000E-002
         733   20.6400000106543        10.0621144811362       1.500000000000000E-002
         734   20.6433333440684        10.0617136647041       1.500000000000000E-002
         735   20.6466666774824        10.0613006298069       1.500000000000000E-002
         736   20.6500000108965        10.0608752446142       1.500000000000000E-002
         737   20.6533333443105        10.0604373832883       1.500000000000000E-002
         738   20.6566666777246        10.0599869231989       1.500000000000000E-002
         739   20.6600000111386        10.0595237486572       1.500000000000000E-002
         740   20.6633333445527        10.0590477490614       1.500000000000000E-002
         741   20.6666666779667        10.0585588198362       1.500000000000000E-002
         742   20.6700000113808        10.0580568622077       1.500000000000000E-002
         743   20.6733333447948        10.0575417848407       1.500000000000000E-002
         744   20.6766666782089        10.0570135026822       1.500000000000000E-002
         745   20.6800000116229        10.0564719383649       1.500000000000000E-002
         746   20.6833333450370        10.0559170215160       1.500000000000000E-002
         747   20.6866666784510        10.0553486895785       1.500000000000000E-002
         748   20.6900000118650        10.0547668884001       1.500000000000000E-002
         749   20.6933333452791        10.0541715716569       1.500000000000000E-002
         750   20.6966666786931        10.0535627021401       1.500000000000000E-002
         751   20.7000000121072        10.0529402510558       1.500000000000000E-002
         752   20.7033333455212        10.0523041990597       1.500000000000000E-002
         753   20.7066666789353        10.0516545360667       1.500000000000000E-002
         754   20.7100000123493        10.0509912617430       1.500000000000000E-002
         755   20.7133333457634        10.0503143852395       1.500000000000000E-002
         756   20.7166666791774        10.0496239263097       1.500000000000000E-002
         757   20.7200000125915        10.0489199150827       1.500000000000000E-002
         758   20.7233333460055        10.0482023915436       1.500000000000000E-002
         759   20.7266666794196        10.0474714070515       1.500000000000000E-002
         760   20.7300000128336        10.0467270239951       1.500000000000000E-002
         761   20.7333333462477        10.0459693148653       1.500000000000000E-002
         762   20.7366666796617        10.0451983655195       1.500000000000000E-002
         763   20.7400000130758        10.0444142712274       1.500000000000000E-002
         764   20.7433333464898        10.0436171408658       1.500000000000000E-002
         765   20.7466666799039        10.0428070931977       1.500000000000000E-002
         766   20.7500000133179        10.0419842606008       1.500000000000000E-002
         767   20.7533333467320        10.0411487867434       1.500000000000000E-002
         768   20.7566666801460        10.0403008275190       1.500000000000000E-002
         769   20.7600000135601        10.0394405519812       1.500000000000000E-002
         770   20.7633333469741        10.0385681414158       1.500000000000000E-002
         771   20.7666666803882        10.0376837898098       1.500000000000000E-002
         772   20.7700000138022        10.0367877010606       1.500000000000000E-002
         773   20.7733333472162        10.0358800973611       1.500000000000000E-002
         774   20.7766666806303        10.0349612089581       1.500000000000000E-002
         775   20.7800000140443        10.0340312816061       1.500000000000000E-002
         776   20.7833333474584        10.0330905737759       1.500000000000000E-002
         777   20.7866666808724        10.0321393538637       1.500000000000000E-002
         778   20.7900000142865        10.0311779095071       1.500000000000000E-002
         779   20.7933333477005        10.0302065326865       1.500000000000000E-002
         780   20.7966666811146        10.0292255374228       1.500000000000000E-002
         781   20.8000000145286        10.0282352448789       1.500000000000000E-002
         782   20.8033333479427        10.0272359917442       1.500000000000000E-002
         783   20.8066666813567        10.0262281255803       1.500000000000000E-002
         784   20.8100000147708        10.0252120085483       1.500000000000000E-002
         785   20.8133333481848        10.0241880136866       1.500000000000000E-002
         786   20.8166666815989        10.0231565323630       1.500000000000000E-002
         787   20.8200000150129        10.0221179612388       1.500000000000000E-002
         788   20.8233333484270        10.0210727134468       1.500000000000000E-002
         789   20.8266666818410        10.0200212148676       1.500000000000000E-002
         790   20.8300000152551        10.0189639022699       1.500000000000000E-002
         791   20.8333333486691        10.0179012251743       1.500000000000000E-002
         792   20.8366666820832        10.0168336477183       1.500000000000000E-002
         793   20.8400000154972        10.0157616393449       1.500000000000000E-002
         794   20.8433333489113        10.0146856859803       1.500000000000000E-002
         795   20.8466666823253        10.0136062881733       1.500000000000000E-002
         796   20.8500000157394        10.0125239536459       1.500000000000000E-002
         797   20.8533333491534        10.0114392028836       1.500000000000000E-002
         798   20.8566666825674        10.0103525579611       1.500000000000000E-002
         799   20.8600000159815        10.0092645723459       1.500000000000000E-002
         800   20.8633333493955        10.0081757917847       1.500000000000000E-002
         801   20.8666666828096        10.0070867747939       1.500000000000000E-002
         802   20.8700000162236        10.0059981038374       1.500000000000000E-002
         803   20.8733333496377        10.0049103462118       1.500000000000000E-002
         804   20.8766666830517        10.0038241062029       1.500000000000000E-002
         805   20.8800000164658        10.0027399766576       1.500000000000000E-002
         806   20.8833333498798        10.0016585762384       1.500000000000000E-002
         807   20.8866666832939        10.0005805084468       1.500000000000000E-002
         808   20.8900000167079        9.99950640632808       1.500000000000000E-002
         809   20.8933333501220        9.99843690267010       1.500000000000000E-002
         810   20.8966666835360        9.99737264490592       1.500000000000000E-002
         811   20.9000000169501        9.99631426903796       1.500000000000000E-002
         812   20.9033333503641        9.99526243689220       1.500000000000000E-002
         813   20.9066666837782        9.99421781004230       1.500000000000000E-002
         814   20.9100000171922        9.99318105726140       1.500000000000000E-002
         815   20.9133333506063        9.99215284334740       1.500000000000000E-002
         816   20.9166666840203        9.99113385147584       1.500000000000000E-002
         817   20.9200000174344        9.99012476829983       1.500000000000000E-002
         818   20.9233333508484        9.98912627277531       1.500000000000000E-002
         819   20.9266666842625        9.98813906223911       1.500000000000000E-002
         820   20.9300000176765        9.98716382633297       1.500000000000000E-002
         821   20.9333333510905        9.98620126190574       1.500000000000000E-002
         822   20.9366666845046        9.98525206556377       1.500000000000000E-002
         823   20.9400000179186        9.98431694857310       1.500000000000000E-002
         824   20.9433333513327        9.98339660705805       1.500000000000000E-002
         825   20.9466666847467        9.98249174062865       1.500000000000000E-002
         826   20.9500000181608        9.98160305983211       1.500000000000000E-002
         827   20.9533333515748        9.98073127125261       1.500000000000000E-002
         828   20.9566666849889        9.97987707006156       1.500000000000000E-002
         829   20.9600000184029        9.97904116982080       1.500000000000000E-002
         830   20.9633333518170        9.97822426150530       1.500000000000000E-002
         831   20.9666666852310        9.97742705075683       1.500000000000000E-002
         832   20.9700000186451        9.97665023180783       1.500000000000000E-002
         833   20.9733333520591        9.97589449865799       1.500000000000000E-002
         834   20.9766666854732        9.97516054134983       1.500000000000000E-002
         835   20.9800000188872        9.97444904224413       1.500000000000000E-002
         836   20.9833333523013        9.97376069092187       1.500000000000000E-002
         837   20.9866666857153        9.97309615810795       1.500000000000000E-002
         838   20.9900000191294        9.97245610684776       1.500000000000000E-002
         839   20.9933333525434        9.97184120740908       1.500000000000000E-002
         840   20.9966666859575        9.97125211493104       1.500000000000000E-002
         841   21.0000000193715        9.97068948060065       1.500000000000000E-002
         842   21.0033333527856        9.97015394047764       1.500000000000000E-002
         843   21.0066666861996        9.96964612667100       1.500000000000000E-002
         844   21.0100000196137        9.96916666733957       1.500000000000000E-002
         845   21.0133333530277        9.96871617179160       1.500000000000000E-002
         846   21.0166666864417        9.96829524166117       1.500000000000000E-002
         847   21.0200000198558        9.96790446718359       1.500000000000000E-002
         848   21.0233333532698        9.96754443464649       1.500000000000000E-002
         849   21.0266666866839        9.96721570403878       1.500000000000000E-002
         850   21.0300000200979        9.96691883140290       1.500000000000000E-002
         851   21.0333333535120        9.96665437256070       1.500000000000000E-002
         852   21.0366666869260        9.96642283841051       1.500000000000000E-002
         853   21.0400000203401        9.96622475080709       1.500000000000000E-002
         854   21.0433333537541        9.96606060530919       1.500000000000000E-002
         855   21.0466666871682        9.96593089725720       1.500000000000000E-002
         856   21.0500000205822        9.96583608079541       1.500000000000000E-002
         857   21.0533333539963        9.96577661730134       1.500000000000000E-002
         858   21.0566666874103        9.96575293813333       1.500000000000000E-002
         859   21.0600000208244        9.96576545953217       1.500000000000000E-002
         860   21.0633333542384        9.96581457517105       1.500000000000000E-002
         861   21.0666666876525        9.96590067478247       1.500000000000000E-002
         862   21.0700000210665        9.96602411808168       1.500000000000000E-002
         863   21.0733333544806        9.96618524594298       1.500000000000000E-002
         864   21.0766666878946        9.96638437294966       1.500000000000000E-002
         865   21.0800000213087        9.96662181347142       1.500000000000000E-002
         866   21.0833333547227        9.96689783696136       1.500000000000000E-002
         867   21.0866666881368        9.96721270520931       1.500000000000000E-002
         868   21.0900000215508        9.96756666116634       1.500000000000000E-002
         869   21.0933333549649        9.96795991404408       1.500000000000000E-002
         870   21.0966666883789        9.96839265049096       1.500000000000000E-002
         871   21.1000000217929        9.96886504949380       1.500000000000000E-002
         872   21.1033333552070        9.96937724139998       1.500000000000000E-002
         873   21.1066666886210        9.96992936379721       1.500000000000000E-002
         874   21.1100000220351        9.97052149818397       1.500000000000000E-002
         875   21.1133333554491        9.97115372584924       1.500000000000000E-002
         876   21.1166666888632        9.97182609061998       1.500000000000000E-002
         877   21.1200000222772        9.97253860631204       1.500000000000000E-002
         878   21.1233333556913        9.97329127535704       1.500000000000000E-002
         879   21.1266666891053        9.97408406272559       1.500000000000000E-002
         880   21.1300000225194        9.97491690710362       1.500000000000000E-002
         881   21.1333333559334        9.97578972089262       1.500000000000000E-002
         882   21.1366666893475        9.97670240138593       1.500000000000000E-002
         883   21.1400000227615        9.97765480096669       1.500000000000000E-002
         884   21.1433333561756        9.97864675504787       1.500000000000000E-002
         885   21.1466666895896        9.97967806158348       1.500000000000000E-002
         886   21.1500000230037        9.98074850342065       1.500000000000000E-002
         887   21.1533333564177        9.98185782594818       1.500000000000000E-002
         888   21.1566666898318        9.98300574454743       1.500000000000000E-002
         889   21.1600000232458        9.98419195204319       1.500000000000000E-002
         890   21.1633333566599        9.98541610939077       1.500000000000000E-002
         891   21.1666666900739        9.98667784381364       1.500000000000000E-002
         892   21.1700000234880        9.98797676556751       1.500000000000000E-002
         893   21.1733333569020        9.98931244000096       1.500000000000000E-002
         894   21.1766666903161        9.99068441456404       1.500000000000000E-002
         895   21.1800000237301        9.99209220204479       1.500000000000000E-002
         896   21.1833333571441        9.99353528522604       1.500000000000000E-002
         897   21.1866666905582        9.99501312061105       1.500000000000000E-002
         898   21.1900000239722        9.99652513190447       1.500000000000000E-002
         899   21.1933333573863        9.99807071327223       1.500000000000000E-002
         900   21.1966666908003        9.99964923097160       1.500000000000000E-002
         901   21.2000000242144        10.0000000152144       1.500000000000000E-002
         902   21.1966666908003        9.99619574833322       1.500000000000000E-002
         903   21.1933333573863        9.99368759137588       1.500000000000000E-002
         904   21.1900000239722        9.99121617824496       1.500000000000000E-002
         905   21.1866666905582        9.98878211618509       1.500000000000000E-002
         906   21.1833333571441        9.98638598493583       1.500000000000000E-002
         907   21.1800000237301        9.98402833510214       1.500000000000000E-002
         908   21.1766666903161        9.98170968489501       1.500000000000000E-002
         909   21.1733333569020        9.97943052665096       1.500000000000000E-002
         910   21.1700000234880        9.97719132310704       1.500000000000000E-002
         911   21.1666666900739        9.97499250274446       1.500000000000000E-002
         912   21.1633333566599        9.97283447655269       1.500000000000000E-002
         913   21.1600000232458        9.97071761102139       1.500000000000000E-002
         914   21.1566666898318        9.96864225608033       1.500000000000000E-002
         915   21.1533333564177        9.96660872833591       1.500000000000000E-002
         916   21.1500000230037        9.96461731293410       1.500000000000000E-002
         917   21.1466666895896        9.96266827287392       1.500000000000000E-002
         918   21.1433333561756        9.96076184155720       1.500000000000000E-002
         919   21.1400000227615        9.95889821533828       1.500000000000000E-002
         920   21.1366666893475        9.95707757587609       1.500000000000000E-002
         921   21.1333333559334        9.95530006778268       1.500000000000000E-002
         922   21.1300000225194        9.95356581911270       1.500000000000000E-002
         923   21.1266666891053        9.95187491342397       1.500000000000000E-002
         924   21.1233333556913        9.95022741958019       1.500000000000000E-002
         925   21.1200000222772        9.94862338057541       1.500000000000000E-002
         926   21.1166666888632        9.94706281353432       1.500000000000000E-002
         927   21.1133333554491        9.94554569853678       1.500000000000000E-002
         928   21.1100000220351        9.94407200469517       1.500000000000000E-002
         929   21.1066666886210        9.94264167152831       1.500000000000000E-002
         930   21.1033333552070        9.94125460151126       1.500000000000000E-002
         931   21.1000000217929        9.93991069732855       1.500000000000000E-002
         932   21.0966666883789        9.93860980599526       1.500000000000000E-002
         933   21.0933333549649        9.93735178218729       1.500000000000000E-002
         934   21.0900000215508        9.93613643236241       1.500000000000000E-002
         935   21.0866666881368        9.93496355573888       1.500000000000000E-002
         936   21.0833333547227        9.93383292939463       1.500000000000000E-002
         937   21.0800000213087        9.93274429709186       1.500000000000000E-002
         938   21.0766666878946        9.93169738417858       1.500000000000000E-002
         939   21.0733333544806        9.93069190876493       1.500000000000000E-002
         940   21.0700000210665        9.92972754447068       1.500000000000000E-002
         941   21.0666666876525        9.92880396512918       1.500000000000000E-002
         942   21.0633333542384        9.92792081871074       1.500000000000000E-002
         943   21.0600000208244        9.92707773477373       1.500000000000000E-002
         944   21.0566666874103        9.92627431328908       1.500000000000000E-002
         945   21.0533333539963        9.92551015071786       1.500000000000000E-002
         946   21.0500000205822        9.92478482138526       1.500000000000000E-002
         947   21.0466666871682        9.92409788493169       1.500000000000000E-002
         948   21.0433333537541        9.92344887141210       1.500000000000000E-002
         949   21.0400000203401        9.92283731854936       1.500000000000000E-002
         950   21.0366666869260        9.92226272330604       1.500000000000000E-002
         951   21.0333333535120        9.92172458286313       1.500000000000000E-002
         952   21.0300000200979        9.92122236854350       1.500000000000000E-002
         953   21.0266666866839        9.92075556306536       1.500000000000000E-002
         954   21.0233333532698        9.92032360466349       1.500000000000000E-002
         955   21.0200000198558        9.91992593179322       1.500000000000000E-002
         956   21.0166666864417        9.91956197940578       1.500000000000000E-002
         957   21.0133333530277        9.91923115659709       1.500000000000000E-002
         958   21.0100000196137        9.91893286896013       1.500000000000000E-002
         959   21.0066666861996        9.91866651113494       1.500000000000000E-002
         960   21.0033333527856        9.91843147053453       1.500000000000000E-002
         961   21.0000000193715        9.91822711616964       1.500000000000000E-002
         962   20.9966666859575        9.91805281355054       1.500000000000000E-002
         963   20.9933333525434        9.91790792468768       1.500000000000000E-002
         964   20.9900000191294        9.91779179691648       1.500000000000000E-002
         965   20.9866666857153        9.91770377407388       1.500000000000000E-002
         966   20.9833333523013        9.91764318532315       1.500000000000000E-002
         967   20.9800000188872        9.91760936750634       1.500000000000000E-002
         968   20.9766666854732        9.91760165024382       1.500000000000000E-002
         969   20.9733333520591        9.91761934475918       1.500000000000000E-002
         970   20.9700000186451        9.91766176995695       1.500000000000000E-002
         971   20.9666666852310        9.91772823752222       1.500000000000000E-002
         972   20.9633333518170        9.91781805564673       1.500000000000000E-002
         973   20.9600000184029        9.91793053275488       1.500000000000000E-002
         974   20.9566666849889        9.91806496632875       1.500000000000000E-002
         975   20.9533333515748        9.91822066898586       1.500000000000000E-002
         976   20.9500000181608        9.91839693122719       1.500000000000000E-002
         977   20.9466666847467        9.91859306241615       1.500000000000000E-002
         978   20.9433333513327        9.91880836097717       1.500000000000000E-002
         979   20.9400000179186        9.91904212184717       1.500000000000000E-002
         980   20.9366666845046        9.91929365137759       1.500000000000000E-002
         981   20.9333333510905        9.91956225988477       1.500000000000000E-002
         982   20.9300000176765        9.91984724302442       1.500000000000000E-002
         983   20.9266666842625        9.92014791159493       1.500000000000000E-002
         984   20.9233333508484        9.92046357663713       1.500000000000000E-002
         985   20.9200000174344        9.92079355688594       1.500000000000000E-002
         986   20.9166666840203        9.92113716387021       1.500000000000000E-002
         987   20.9133333506063        9.92149372799078       1.500000000000000E-002
         988   20.9100000171922        9.92186257244451       1.500000000000000E-002
         989   20.9066666837782        9.92224302440127       1.500000000000000E-002
         990   20.9033333503641        9.92263442990620       1.500000000000000E-002
         991   20.9000000169501        9.92303613152909       1.500000000000000E-002
         992   20.8966666835360        9.92344747954143       1.500000000000000E-002
         993   20.8933333501220        9.92386782446698       1.500000000000000E-002
         994   20.8900000167079        9.92429654316008       1.500000000000000E-002
         995   20.8866666832939        9.92473300155391       1.500000000000000E-002
         996   20.8833333498798        9.92517658073882       1.500000000000000E-002
         997   20.8800000164658        9.92562666206248       1.500000000000000E-002
         998   20.8766666830517        9.92608265693346       1.500000000000000E-002
         999   20.8733333496377        9.92654396211918       1.500000000000000E-002
        1000   20.8700000162236        9.92701000072541       1.500000000000000E-002
        1001   20.8666666828096        9.92748018494482       1.500000000000000E-002
        1002   20.8633333493955        9.92795396448719       1.500000000000000E-002
        1003   20.8600000159815        9.92843077442678       1.500000000000000E-002
        1004   20.8566666825674        9.92891007431947       1.500000000000000E-002
        1005   20.8533333491534        9.92939133702835       1.500000000000000E-002
        1006   20.8500000157394        9.92987402823623       1.500000000000000E-002
        1007   20.8466666823253        9.93035764556283       1.500000000000000E-002
        1008   20.8433333489113        9.93084168876408       1.500000000000000E-002
        1009   20.8400000154972        9.93132567090968       1.500000000000000E-002
        1010   20.8366666820832        9.93180911279692       1.500000000000000E-002
        1011   20.8333333486691        9.93229155040299       1.500000000000000E-002
        1012   20.8300000152551        9.93277253674951       1.500000000000000E-002
        1013   20.8266666818410        9.93325163072843       1.500000000000000E-002
        1014   20.8233333484270        9.93372840641722       1.500000000000000E-002
        1015   20.8200000150129        9.93420245121815       1.500000000000000E-002
        1016   20.8166666815989        9.93467336399764       1.500000000000000E-002
        1017   20.8133333481848        9.93514075695094       1.500000000000000E-002
        1018   20.8100000147708        9.93560425932952       1.500000000000000E-002
        1019   20.8066666813567        9.93606350626736       1.500000000000000E-002
        1020   20.8033333479427        9.93651815182164       1.500000000000000E-002
        1021   20.8000000145286        9.93696786152443       1.500000000000000E-002
        1022   20.7966666811146        9.93741231611025       1.500000000000000E-002
        1023   20.7933333477005        9.93785120779321       1.500000000000000E-002
        1024   20.7900000142865        9.93828424492601       1.500000000000000E-002
        1025   20.7866666808724        9.93871114362050       1.500000000000000E-002
        1026   20.7833333474584        9.93913164265146       1.500000000000000E-002
        1027   20.7800000140443        9.93954548576404       1.500000000000000E-002
        1028   20.7766666806303        9.93995243657762       1.500000000000000E-002
        1029   20.7733333472162        9.94035226927533       1.500000000000000E-002
        1030   20.7700000138022        9.94074477140088       1.500000000000000E-002
        1031   20.7666666803882        9.94112974665539       1.500000000000000E-002
        1032   20.7633333469741        9.94150700744980       1.500000000000000E-002
        1033   20.7600000135601        9.94187638515250       1.500000000000000E-002
        1034   20.7566666801460        9.94223772171052       1.500000000000000E-002
        1035   20.7533333467320        9.94259087244678       1.500000000000000E-002
        1036   20.7500000133179        9.94293570559772       1.500000000000000E-002
        1037   20.7466666799039        9.94327210324799       1.500000000000000E-002
        1038   20.7433333464898        9.94359996040268       1.500000000000000E-002
        1039   20.7400000130758        9.94391918405956       1.500000000000000E-002
        1040   20.7366666796617        9.94422969554109       1.500000000000000E-002
        1041   20.7333333462477        9.94453142677293       1.500000000000000E-002
        1042   20.7300000128336        9.94482432401311       1.500000000000000E-002
        1043   20.7266666794196        9.94510834366514       1.500000000000000E-002
        1044   20.7233333460055        9.94538345624021       1.500000000000000E-002
        1045   20.7200000125915        9.94564964310185       1.500000000000000E-002
        1046   20.7166666791774        9.94590689740160       1.500000000000000E-002
        1047   20.7133333457634        9.94615522443275       1.500000000000000E-002
        1048   20.7100000123493        9.94639464012160       1.500000000000000E-002
        1049   20.7066666789353        9.94662517155606       1.500000000000000E-002
        1050   20.7033333455212        9.94684685722341       1.500000000000000E-002
        1051   20.7000000121072        9.94705974590136       1.500000000000000E-002
        1052   20.6966666786931        9.94726389693628       1.500000000000000E-002
        1053   20.6933333452791        9.94745937976074       1.500000000000000E-002
        1054   20.6900000118650        9.94764627409582       1.500000000000000E-002
        1055   20.6866666784510        9.94782466892706       1.500000000000000E-002
        1056   20.6833333450370        9.94799466321692       1.500000000000000E-002
        1057   20.6800000116229        9.94815636463023       1.500000000000000E-002
        1058   20.6766666782089        9.94830989012251       1.500000000000000E-002
        1059   20.6733333447948        9.94845536536434       1.500000000000000E-002
        1060   20.6700000113808        9.94859292393310       1.500000000000000E-002
        1061   20.6666666779667        9.94872270801831       1.500000000000000E-002
        1062   20.6633333445527        9.94884486703175       1.500000000000000E-002
        1063   20.6600000111386        9.94895955877889       1.500000000000000E-002
        1064   20.6566666777246        9.94906694783664       1.500000000000000E-002
        1065   20.6533333443105        9.94916720579397       1.500000000000000E-002
        1066   20.6500000108965        9.94926051032864       1.500000000000000E-002
        1067   20.6466666774824        9.94934704707819       1.500000000000000E-002
        1068   20.6433333440684        9.94942700592322       1.500000000000000E-002
        1069   20.6400000106543        9.94950058379025       1.500000000000000E-002
        1070   20.6366666772403        9.94956798140134       1.500000000000000E-002
        1071   20.6333333438262        9.94962940700883       1.500000000000000E-002
        1072   20.6300000104122        9.94968507128295       1.500000000000000E-002
        1073   20.6266666769981        9.94973519197862       1.500000000000000E-002
        1074   20.6233333435841        9.94977998835805       1.500000000000000E-002
        1075   20.6200000101700        9.94981968585827       1.500000000000000E-002
        1076   20.6166666767560        9.94985451191151       1.500000000000000E-002
        1077   20.6133333433419        9.94988469781956       1.500000000000000E-002
        1078   20.6100000099279        9.94991047876591       1.500000000000000E-002
        1079   20.6066666765138        9.94993209103438       1.500000000000000E-002
        1080   20.6033333430998        9.94994977481615       1.500000000000000E-002
        1081   20.6000000096858        9.94996377003235       1.500000000000000E-002
        1082   20.5966666762717        9.94997432193604       1.500000000000000E-002
        1083   20.5933333428577        9.94998167367623       1.500000000000000E-002
        1084   20.5900000094436        9.94998607283228       1.500000000000000E-002
        1085   20.5866666760296        9.94998776491036       1.500000000000000E-002
        1086   20.5833333426155        9.94998699894773       1.500000000000000E-002
        1087   20.5800000092015        9.94998402101048       1.500000000000000E-002
        1088   20.5766666757874        9.94997907979908       1.500000000000000E-002
        1089   20.5733333423734        9.94997242294148       1.500000000000000E-002
        1090   20.5700000089593        9.94996429701219       1.500000000000000E-002
        1091   20.5666666755453        9.94995494941478       1.500000000000000E-002
        1092   20.5633333421312        9.94994462467733       1.500000000000000E-002
        1093   20.5600000087172        9.94993356726788       1.500000000000000E-002
        1094   20.5566666753031        9.94992201975424       1.500000000000000E-002
        1095   20.5533333418891        9.94991022282743       1.500000000000000E-002
        1096   20.5500000084750        9.94989841439467       1.500000000000000E-002
        1097   20.5466666750610        9.94988683239881       1.500000000000000E-002
        1098   20.5433333416469        9.94987571018828       1.500000000000000E-002
        1099   20.5400000082329        9.94986527933868       1.500000000000000E-002
        1100   20.5366666748188        9.94985576781914       1.500000000000000E-002
        1101   20.5333333414048        9.94984740095379       1.500000000000000E-002
        1102   20.5300000079907        9.94984040238471       1.500000000000000E-002
        1103   20.5266666745767        9.94983498851697       1.500000000000000E-002
        1104   20.5233333411627        9.94983137600375       1.500000000000000E-002
        1105   20.5200000077486        9.94982977433195       1.500000000000000E-002
        1106   20.5166666743346        9.94983039237922       1.500000000000000E-002
        1107   20.5133333409205        9.94983343193437       1.500000000000000E-002
        1108   20.5100000075065        9.94983909332685       1.500000000000000E-002
        1109   20.5066666740924        9.94984756895107       1.500000000000000E-002
        1110   20.5033333406784        9.94985904983129       1.500000000000000E-002
        1111   20.5000000072643        9.94987372101300       1.500000000000000E-002
        1112   20.4966666738503        9.94989176347597       1.500000000000000E-002
        1113   20.4933333404362        9.94991335139310       1.500000000000000E-002
        1114   20.4900000070222        9.94993865684277       1.500000000000000E-002
        1115   20.4866666736081        9.94996784614199       1.500000000000000E-002
        1116   20.4833333401941        9.95000107897670       1.500000000000000E-002
        1117   20.4800000067800        9.95003851126060       1.500000000000000E-002
        1118   20.4766666733660        9.95008029427214       1.500000000000000E-002
        1119   20.4733333399519        9.95012657286398       1.500000000000000E-002
        1120   20.4700000065379        9.95017748833295       1.500000000000000E-002
        1121   20.4666666731238        9.95023317570635       1.500000000000000E-002
        1122   20.4633333397098        9.95029376475810       1.500000000000000E-002
        1123   20.4600000062957        9.95035938196097       1.500000000000000E-002
        1124   20.4566666728817        9.95043014778752       1.500000000000000E-002
        1125   20.4533333394676        9.95050617587906       1.500000000000000E-002
        1126   20.4500000060536        9.95058757780875       1.500000000000000E-002
        1127   20.4466666726395        9.95067446040025       1.500000000000000E-002
        1128   20.4433333392255        9.95076692398482       1.500000000000000E-002
        1129   20.4400000058115        9.95086506439096       1.500000000000000E-002
        1130   20.4366666723974        9.95096897587340       1.500000000000000E-002
        1131   20.4333333389834        9.95107874660007       1.500000000000000E-002
        1132   20.4300000055693        9.95119445973629       1.500000000000000E-002
        1133   20.4266666721553        9.95131619640161       1.500000000000000E-002
        1134   20.4233333387412        9.95144403398086       1.500000000000000E-002
        1135   20.4200000053272        9.95157804537823       1.500000000000000E-002
        1136   20.4166666719131        9.95171830200929       1.500000000000000E-002
        1137   20.4133333384991        9.95186487121894       1.500000000000000E-002
        1138   20.4100000050850        9.95201781930217       1.500000000000000E-002
        1139   20.4066666716710        9.95217720802184       1.500000000000000E-002
        1140   20.4033333382569        9.95234310138875       1.500000000000000E-002
        1141   20.4000000048429        9.95251555755989       1.500000000000000E-002
        1142   20.3966666714288        9.95269463752153       1.500000000000000E-002
        1143   20.3933333380148        9.95288039982562       1.500000000000000E-002
        1144   20.3900000046007        9.95307290280200       1.500000000000000E-002
        1145   20.3866666711867        9.95327220866099       1.500000000000000E-002
        1146   20.3833333377726        9.95347837458795       1.500000000000000E-002
        1147   20.3800000043586        9.95369146529177       1.500000000000000E-002
        1148   20.3766666709445        9.95391154510117       1.500000000000000E-002
        1149   20.3733333375305        9.95413868314040       1.500000000000000E-002
        1150   20.3700000041164        9.95437295016814       1.500000000000000E-002
        1151   20.3666666707024        9.95461442291701       1.500000000000000E-002
        1152   20.3633333372883        9.95486318290078       1.500000000000000E-002
        1153   20.3600000038743        9.95511931993993       1.500000000000000E-002
        1154   20.3566666704603        9.95538293016837       1.500000000000000E-002
        1155   20.3533333370462        9.95565411597982       1.500000000000000E-002
        1156   20.3500000036322        9.95593299444243       1.500000000000000E-002
        1157   20.3466666702181        9.95621969090933       1.500000000000000E-002
        1158   20.3433333368041        9.95651434205142       1.500000000000000E-002
        1159   20.3400000033900        9.95681710087621       1.500000000000000E-002
        1160   20.3366666699760        9.95712813536668       1.500000000000000E-002
        1161   20.3333333365619        9.95744763100390       1.500000000000000E-002
        1162   20.3300000031479        9.95777579253845       1.500000000000000E-002
        1163   20.3266666697338        9.95811284783027       1.500000000000000E-002
        1164   20.3233333363198        9.95845904726779       1.500000000000000E-002
        1165   20.3200000029057        9.95881466997733       1.500000000000000E-002
        1166   20.3166666694917        9.95918002475753       1.500000000000000E-002
        1167   20.3133333360776        9.95955545416999       1.500000000000000E-002
        1168   20.3100000026636        9.95994133718895       1.500000000000000E-002
        1169   20.3066666692495        9.96033809793107       1.500000000000000E-002
        1170   20.3033333358355        9.96074620378707       1.500000000000000E-002
        1171   20.3000000024214        9.96116617541040       1.500000000000000E-002
        1172   20.2966666690074        9.96159859378757       1.500000000000000E-002
        1173   20.2933333355933        9.96204410640763       1.500000000000000E-002
        1174   20.2900000021793        9.96250343365267       1.500000000000000E-002
        1175   20.2866666687652        9.96297738170023       1.500000000000000E-002
        1176   20.2833333353512        9.96346685524981       1.500000000000000E-002
        1177   20.2800000019372        9.96397286625788       1.500000000000000E-002
        1178   20.2766666685231        9.96449655499189       1.500000000000000E-002
        1179   20.2733333351091        9.96503920632330       1.500000000000000E-002
        1180   20.2700000016950        9.96560227649402       1.500000000000000E-002
        1181   20.2666666682810        9.96618741603951       1.500000000000000E-002
        1182   20.2633333348669        9.96679651168494       1.500000000000000E-002
        1183   20.2600000014529        9.96743172255298       1.500000000000000E-002
        1184   20.2566666680388        9.96809553933219       1.500000000000000E-002
        1185   20.2533333346248        9.96879084762696       1.500000000000000E-002
        1186   20.2500000012107        9.96952102196130       1.500000000000000E-002
        1187   20.2466666677967        9.97029003397417       1.500000000000000E-002
        1188   20.2433333343826        9.97110260929935       1.500000000000000E-002
        1189   20.2400000009686        9.97196442935477       1.500000000000000E-002
        1190   20.2366666675545        9.97288242102174       1.500000000000000E-002
        1191   20.2333333341405        9.97386515649249       1.500000000000000E-002
        1192   20.2300000007264        9.97492344851039       1.500000000000000E-002
        1193   20.2266666673124        9.97607124810281       1.500000000000000E-002
        1194   20.2233333338983        9.97732707030714       1.500000000000000E-002
        1195   20.2200000004843        9.97871638153169       1.500000000000000E-002
        1196   20.2166666670702        9.98027588356742       1.500000000000000E-002
        1197   20.2133333336562        9.98206194690391       1.500000000000000E-002
        1198   20.2100000002421        9.98416950862113       1.500000000000000E-002
        1199   20.2066666668281        9.98678373266246       1.500000000000000E-002
        1200   20.2033333334140        9.99038272095397       1.500000000000000E-002
        1201   20.2000000000000        10.0000000000000       3.000000000000000E-002
        1202   20.2033333334140        10.0104438810328       3.000000000000000E-002
        1203   20.2066666668281        10.0148472217819       3.000000000000000E-002
        1204   20.2100000002421        10.0182436566688       3.000000000000000E-002
        1205   20.2133333336562        10.0211114146285       3.000000000000000E-002
        1206   20.2166666670702        10.0236358039594       3.000000000000000E-002
        1207   20.2200000004843        10.0259119242574       3.000000000000000E-002
        1208   20.2233333338983        10.0279963252915       3.000000000000000E-002
        1209   20.2266666673124        10.0299259044306       3.000000000000000E-002
        1210   20.2300000007264        10.0317263394930       3.000000000000000E-002
        1211   20.2333333341405        10.0334163727590       3.000000000000000E-002
        1212   20.2366666675545        10.0350101969341       3.000000000000000E-002
        1213   20.2400000009686        10.0365188799440       3.000000000000000E-002
        1214   20.2433333343826        10.0379512645302       3.000000000000000E-002
        1215   20.2466666677967        10.0393145569708       3.000000000000000E-002
        1216   20.2500000012107        10.0406147357756       3.000000000000000E-002
        1217   20.2533333346248        10.0418568311208       3.000000000000000E-002
        1218   20.2566666680388        10.0430451340891       3.000000000000000E-002
        1219   20.2600000014529        10.0441833433048       3.000000000000000E-002
        1220   20.2633333348669        10.0452746852362       3.000000000000000E-002
        1221   20.2666666682810        10.0463219951614       3.000000000000000E-002
        1222   20.2700000016950        10.0473277898308       3.000000000000000E-002
        1223   20.2733333351091        10.0482943154601       3.000000000000000E-002
        1224   20.2766666685231        10.0492235969764       3.000000000000000E-002
        1225   20.2800000019372        10.0501174650134       3.000000000000000E-002
        1226   20.2833333353512        10.0509775890787       3.000000000000000E-002
        1227   20.2866666687652        10.0518054968700       3.000000000000000E-002
        1228   20.2900000021793        10.0526025961559       3.000000000000000E-002
        1229   20.2933333355933        10.0533701855852       3.000000000000000E-002
        1230   20.2966666690074        10.0541094727355       3.000000000000000E-002
        1231   20.3000000024214        10.0548215840456       3.000000000000000E-002
        1232   20.3033333358355        10.0555075711986       3.000000000000000E-002
        1233   20.3066666692495        10.0561684212375       3.000000000000000E-002
        1234   20.3100000026636        10.0568050645978       3.000000000000000E-002
        1235   20.3133333360776        10.0574183803148       3.000000000000000E-002
        1236   20.3166666694917        10.0580091966991       3.000000000000000E-002
        1237   20.3200000029057        10.0585783025069       3.000000000000000E-002
        1238   20.3233333363198        10.0591264463564       3.000000000000000E-002
        1239   20.3266666697338        10.0596543412403       3.000000000000000E-002
        1240   20.3300000031479        10.0601626667536       3.000000000000000E-002
        1241   20.3333333365619        10.0606520737534       3.000000000000000E-002
        1242   20.3366666699760        10.0611231831179       3.000000000000000E-002
        1243   20.3400000033900        10.0615765907530       3.000000000000000E-002
        1244   20.3433333368041        10.0620128677073       3.000000000000000E-002
        1245   20.3466666702181        10.0624325619436       3.000000000000000E-002
        1246   20.3500000036322        10.0628361989982       3.000000000000000E-002
        1247   20.3533333370462        10.0632242862086       3.000000000000000E-002
        1248   20.3566666704603        10.0635973102809       3.000000000000000E-002
        1249   20.3600000038743        10.0639557365981       3.000000000000000E-002
        1250   20.3633333372883        10.0643000177310       3.000000000000000E-002
        1251   20.3666666707024        10.0646305869523       3.000000000000000E-002
        1252   20.3700000041164        10.0649478600455       3.000000000000000E-002
        1253   20.3733333375305        10.0652522388993       3.000000000000000E-002
        1254   20.3766666709445        10.0655441094454       3.000000000000000E-002
        1255   20.3800000043586        10.0658238441910       3.000000000000000E-002
        1256   20.3833333377726        10.0660917991077       3.000000000000000E-002
        1257   20.3866666711867        10.0663483179210       3.000000000000000E-002
        1258   20.3900000046007        10.0665937279727       3.000000000000000E-002
        1259   20.3933333380148        10.0668283490812       3.000000000000000E-002
        1260   20.3966666714288        10.0670524818754       3.000000000000000E-002
        1261   20.4000000048429        10.0672664175157       3.000000000000000E-002
        1262   20.4033333382569        10.0674704343463       3.000000000000000E-002
        1263   20.4066666716710        10.0676647963816       3.000000000000000E-002
        1264   20.4100000050850        10.0678497592192       3.000000000000000E-002
        1265   20.4133333384991        10.0680255619584       3.000000000000000E-002
        1266   20.4166666719131        10.0681924358628       3.000000000000000E-002
        1267   20.4200000053272        10.0683505981017       3.000000000000000E-002
        1268   20.4233333387412        10.0685002557183       3.000000000000000E-002
        1269   20.4266666721553        10.0686416030629       3.000000000000000E-002
        1270   20.4300000055693        10.0687748247982       3.000000000000000E-002
        1271   20.4333333389834        10.0689000933040       3.000000000000000E-002
        1272   20.4366666723974        10.0690175697936       3.000000000000000E-002
        1273   20.4400000058115        10.0691274063503       3.000000000000000E-002
        1274   20.4433333392255        10.0692297432960       3.000000000000000E-002
        1275   20.4466666726395        10.0693247084130       3.000000000000000E-002
        1276   20.4500000060536        10.0694124217442       3.000000000000000E-002
        1277   20.4533333394676        10.0694929929342       3.000000000000000E-002
        1278   20.4566666728817        10.0695665194933       3.000000000000000E-002
        1279   20.4600000062957        10.0696330887803       3.000000000000000E-002
        1280   20.4633333397098        10.0696927809090       3.000000000000000E-002
        1281   20.4666666731238        10.0697456641977       3.000000000000000E-002
        1282   20.4700000065379        10.0697917962015       3.000000000000000E-002
        1283   20.4733333399519        10.0698312266005       3.000000000000000E-002
        1284   20.4766666733660        10.0698639954271       3.000000000000000E-002
        1285   20.4800000067800        10.0698901322193       3.000000000000000E-002
        1286   20.4833333401941        10.0699096588954       3.000000000000000E-002
        1287   20.4866666736081        10.0699225870354       3.000000000000000E-002
        1288   20.4900000070222        10.0699289198160       3.000000000000000E-002
        1289   20.4933333404362        10.0699286530104       3.000000000000000E-002
        1290   20.4966666738503        10.0699217722590       3.000000000000000E-002
        1291   20.5000000072643        10.0699082540626       3.000000000000000E-002
        1292   20.5033333406784        10.0698880695656       3.000000000000000E-002
        1293   20.5066666740924        10.0698611799558       3.000000000000000E-002
        1294   20.5100000075065        10.0698275393105       3.000000000000000E-002
        1295   20.5133333409205        10.0697870927850       3.000000000000000E-002
        1296   20.5166666743346        10.0697397813165       3.000000000000000E-002
        1297   20.5200000077486        10.0696855351509       3.000000000000000E-002
        1298   20.5233333411627        10.0696242804055       3.000000000000000E-002
        1299   20.5266666745767        10.0695559335228       3.000000000000000E-002
        1300   20.5300000079907        10.0694804078290       3.000000000000000E-002
        1301   20.5333333414048        10.0693976070529       3.000000000000000E-002
        1302   20.5366666748188        10.0693074328126       3.000000000000000E-002
        1303   20.5400000082329        10.0692097771993       3.000000000000000E-002
        1304   20.5433333416469        10.0691045283984       3.000000000000000E-002
        1305   20.5466666750610        10.0689915697896       3.000000000000000E-002
        1306   20.5500000084750        10.0688707790460       3.000000000000000E-002
        1307   20.5533333418891        10.0687420300255       3.000000000000000E-002
        1308   20.5566666753031        10.0686051900045       3.000000000000000E-002
        1309   20.5600000087172        10.0684601243613       3.000000000000000E-002
        1310   20.5633333421312        10.0683066938072       3.000000000000000E-002
        1311   20.5666666755453        10.0681447553425       3.000000000000000E-002
        1312   20.5700000089593        10.0679741622799       3.000000000000000E-002
        1313   20.5733333423734        10.0677947661291       3.000000000000000E-002
        1314   20.5766666757874        10.0676064138251       3.000000000000000E-002
        1315   20.5800000092015        10.0674089514737       3.000000000000000E-002
        1316   20.5833333426155        10.0672022225089       3.000000000000000E-002
        1317   20.5866666760296        10.0669860677118       3.000000000000000E-002
        1318   20.5900000094436        10.0667603289545       3.000000000000000E-002
        1319   20.5933333428577        10.0665248436297       3.000000000000000E-002
        1320   20.5966666762717        10.0662794511870       3.000000000000000E-002
        1321   20.6000000096858        10.0660239875610       3.000000000000000E-002
        1322   20.6033333430998        10.0657582917069       3.000000000000000E-002
        1323   20.6066666765138        10.0654821990958       3.000000000000000E-002
        1324   20.6100000099279        10.0651955491800       3.000000000000000E-002
        1325   20.6133333433419        10.0648981798194       3.000000000000000E-002
        1326   20.6166666767560        10.0645899314857       3.000000000000000E-002
        1327   20.6200000101700        10.0642706444817       3.000000000000000E-002
        1328   20.6233333435841        10.0639401617476       3.000000000000000E-002
        1329   20.6266666769981        10.0635983288734       3.000000000000000E-002
        1330   20.6300000104122        10.0632449922479       3.000000000000000E-002
        1331   20.6333333438262        10.0628800032607       3.000000000000000E-002
        1332   20.6366666772403        10.0625032136572       3.000000000000000E-002
        1333   20.6400000106543        10.0621144811362       3.000000000000000E-002
        1334   20.6433333440684        10.0617136647041       3.000000000000000E-002
        1335   20.6466666774824        10.0613006298069       3.000000000000000E-002
        1336   20.6500000108965        10.0608752446142       3.000000000000000E-002
        1337   20.6533333443105        10.0604373832883       3.000000000000000E-002
        1338   20.6566666777246        10.0599869231989       3.000000000000000E-002
        1339   20.6600000111386        10.0595237486572       3.000000000000000E-002
        1340   20.6633333445527        10.0590477490614       3.000000000000000E-002
        1341   20.6666666779667        10.0585588198362       3.000000000000000E-002
        1342   20.6700000113808        10.0580568622077       3.000000000000000E-002
        1343   20.6733333447948        10.0575417848407       3.000000000000000E-002
        1344   20.6766666782089        10.0570135026822       3.000000000000000E-002
        1345   20.6800000116229        10.0564719383649       3.000000000000000E-002
        1346   20.6833333450370        10.0559170215160       3.000000000000000E-002
        1347   20.6866666784510        10.0553486895785       3.000000000000000E-002
        1348   20.6900000118650        10.0547668884001       3.000000000000000E-002
        1349   20.6933333452791        10.0541715716569       3.000000000000000E-002
        1350   20.6966666786931        10.0535627021401       3.000000000000000E-002
        1351   20.7000000121072        10.0529402510558       3.000000000000000E-002
        1352   20.7033333455212        10.0523041990597       3.000000000000000E-002
        1353   20.7066666789353        10.0516545360667       3.000000000000000E-002
        1354   20.7100000123493        10.0509912617430       3.000000000000000E-002
        1355   20.7133333457634        10.0503143852395       3.000000000000000E-002
        1356   20.7166666791774        10.0496239263097       3.000000000000000E-002
        1357   20.7200000125915        10.0489199150827       3.000000000000000E-002
        1358   20.7233333460055        10.0482023915436       3.000000000000000E-002
        1359   20.7266666794196        10.0474714070515       3.000000000000000E-002
        1360   20.7300000128336        10.0467270239951       3.000000000000000E-002
        1361   20.7333333462477        10.0459693148653       3.000000000000000E-002
        1362   20.7366666796617        10.0451983655195       3.000000000000000E-002
        1363   20.7400000130758        10.0444142712274       3.000000000000000E-002
        1364   20.7433333464898        10.0436171408658       3.000000000000000E-002
        1365   20.7466666799039        10.0428070931977       3.000000000000000E-002
        1366   20.7500000133179        10.0419842606008       3.000000000000000E-002
        1367   20.7533333467320        10.0411487867434       3.000000000000000E-002
        1368   20.7566666801460        10.0403008275190       3.000000000000000E-002
        1369   20.7600000135601        10.0394405519812       3.000000000000000E-002
        1370   20.7633333469741        10.0385681414158       3.000000000000000E-002
        1371   20.7666666803882        10.0376837898098       3.000000000000000E-002
        1372   20.7700000138022        10.0367877010606       3.000000000000000E-002
        1373   20.7733333472162        10.0358800973611       3.000000000000000E-002
        1374   20.7766666806303        10.0349612089581       3.000000000000000E-002
        1375   20.7800000140443        10.0340312816061       3.000000000000000E-002
        1376   20.7833333474584        10.0330905737759       3.000000000000000E-002
        1377   20.7866666808724        10.0321393538637       3.000000000000000E-002
        1378   20.7900000142865        10.0311779095071       3.000000000000000E-002
        1379   20.7933333477005        10.0302065326865       3.000000000000000E-002
        1380   20.7966666811146        10.0292255374228       3.000000000000000E-002
        1381   20.8000000145286        10.0282352448789       3.000000000000000E-002
        1382   20.8033333479427        10.0272359917442       3.000000000000000E-002
        1383   20.8066666813567        10.0262281255803       3.000000000000000E-002
        1384   20.8100000147708        10.0252120085483       3.000000000000000E-002
        1385   20.8133333481848        10.0241880136866       3.000000000000000E-002
        1386   20.8166666815989        10.0231565323630       3.000000000000000E-002
        1387   20.8200000150129        10.0221179612388       3.000000000000000E-002
        1388   20.8233333484270        10.0210727134468       3.000000000000000E-002
        1389   20.8266666818410        10.0200212148676       3.000000000000000E-002
        1390   20.8300000152551        10.0189639022699       3.000000000000000E-002
        1391   20.8333333486691        10.0179012251743       3.000000000000000E-002
        1392   20.8366666820832        10.0168336477183       3.000000000000000E-002
        1393   20.8400000154972        10.0157616393449       3.000000000000000E-002
        1394   20.8433333489113        10.0146856859803       3.000000000000000E-002
        1395   20.8466666823253        10.0136062881733       3.000000000000000E-002
        1396   20.8500000157394        10.0125239536459       3.000000000000000E-002
        1397   20.8533333491534        10.0114392028836       3.000000000000000E-002
        1398   20.8566666825674        10.0103525579611       3.000000000000000E-002
        1399   20.8600000159815        10.0092645723459       3.000000000000000E-002
        1400   20.8633333493955        10.0081757917847       3.000000000000000E-002
        1401   20.8666666828096        10.0070867747939       3.000000000000000E-002
        1402   20.8700000162236        10.0059981038374       3.000000000000000E-002
        1403   20.8733333496377        10.0049103462118       3.000000000000000E-002
        1404   20.8766666830517        10.0038241062029       3.000000000000000E-002
        1405   20.8800000164658        10.0027399766576       3.000000000000000E-002
        1406   20.8833333498798        10.0016585762384       3.000000000000000E-002
        1407   20.8866666832939        10.0005805084468       3.000000000000000E-002
        1408   20.8900000167079        9.99950640632808       3.000000000000000E-002
        1409   20.8933333501220        9.99843690267010       3.000000000000000E-002
        1410   20.8966666835360        9.99737264490592       3.000000000000000E-002
        1411   20.9000000169501        9.99631426903796       3.000000000000000E-002
        1412   20.9033333503641        9.99526243689220       3.000000000000000E-002
        1413   20.9066666837782        9.99421781004230       3.000000000000000E-002
        1414   20.9100000171922        9.99318105726140       3.000000000000000E-002
        1415   20.9133333506063        9.99215284334740       3.000000000000000E-002
        1416   20.9166666840203        9.99113385147584       3.000000000000000E-002
        1417   20.9200000174344        9.99012476829983       3.000000000000000E-002
        1418   20.9233333508484        9.98912627277531       3.000000000000000E-002
        1419   20.9266666842625        9.98813906223911       3.000000000000000E-002
        1420   20.9300000176765        9.98716382633297       3.000000000000000E-002
        1421   20.9333333510905        9.98620126190574       3.000000000000000E-002
        1422   20.9366666845046        9.98525206556377       3.000000000000000E-002
        1423   20.9400000179186        9.98431694857310       3.000000000000000E-002
        1424   20.9433333513327        9.98339660705805       3.000000000000000E-002
        1425   20.9466666847467        9.98249174062865       3.000000000000000E-002
        1426   20.9500000181608        9.98160305983211       3.000000000000000E-002
        1427   20.9533333515748        9.98073127125261       3.000000000000000E-002
        1428   20.9566666849889        9.97987707006156       3.000000000000000E-002
        1429   20.9600000184029        9.97904116982080       3.000000000000000E-002
        1430   20.9633333518170        9.97822426150530       3.000000000000000E-002
        1431   20.9666666852310        9.97742705075683       3.000000000000000E-002
        1432   20.9700000186451        9.97665023180783       3.000000000000000E-002
        1433   20.9733333520591        9.97589449865799       3.000000000000000E-002
        1434   20.9766666854732        9.97516054134983       3.000000000000000E-002
        1435   20.9800000188872        9.97444904224413       3.000000000000000E-002
        1436   20.9833333523013        9.97376069092187       3.000000000000000E-002
        1437   20.9866666857153        9.97309615810795       3.000000000000000E-002
        1438   20.9900000191294        9.97245610684776       3.000000000000000E-002
        1439   20.9933333525434        9.97184120740908       3.000000000000000E-002
        1440   20.9966666859575        9.97125211493104       3.000000000000000E-002
        1441   21.0000000193715        9.97068948060065       3.000000000000000E-002
        1442   21.0033333527856        9.97015394047764       3.000000000000000E-002
        1443   21.0066666861996        9.96964612667100       3.000000000000000E-002
        1444   21.0100000196137        9.96916666733957       3.000000000000000E-002
        1445   21.0133333530277        9.96871617179160       3.000000000000000E-002
        1446   21.0166666864417        9.96829524166117       3.000000000000000E-002
        1447   21.0200000198558        9.96790446718359       3.000000000000000E-002
        1448   21.0233333532698        9.96754443464649       3.000000000000000E-002
        1449   21.0266666866839        9.96721570403878       3.000000000000000E-002
        1450   21.0300000200979        9.96691883140290       3.000000000000000E-002
        1451   21.0333333535120        9.96665437256070       3.000000000000000E-002
        1452   21.0366666869260        9.96642283841051       3.000000000000000E-002
        1453   21.0400000203401        9.96622475080709       3.000000000000000E-002
        1454   21.0433333537541        9.96606060530919       3.000000000000000E-002
        1455   21.0466666871682        9.96593089725720       3.000000000000000E-002
        1456   21.0500000205822        9.96583608079541       3.000000000000000E-002
        1457   21.0533333539963        9.96577661730134       3.000000000000000E-002
        1458   21.0566666874103        9.96575293813333       3.000000000000000E-002
        1459   21.0600000208244        9.96576545953217       3.000000000000000E-002
        1460   21.0633333542384        9.96581457517105       3.000000000000000E-002
        1461   21.0666666876525        9.96590067478247       3.000000000000000E-002
        1462   21.0700000210665        9.96602411808168       3.000000000000000E-002
        1463   21.0733333544806        9.96618524594298       3.000000000000000E-002
        1464   21.0766666878946        9.96638437294966       3.000000000000000E-002
        1465   21.0800000213087        9.96662181347142       3.000000000000000E-002
        1466   21.0833333547227        9.96689783696136       3.000000000000000E-002
        1467   21.0866666881368        9.96721270520931       3.000000000000000E-002
        1468   21.0900000215508        9.96756666116634       3.000000000000000E-002
        1469   21.0933333549649        9.96795991404408       3.000000000000000E-002
        1470   21.0966666883789        9.96839265049096       3.000000000000000E-002
        1471   21.1000000217929        9.96886504949380       3.000000000000000E-002
        1472   21.1033333552070        9.96937724139998       3.000000000000000E-002
        1473   21.1066666886210        9.96992936379721       3.000000000000000E-002
        1474   21.1100000220351        9.97052149818397       3.000000000000000E-002
        1475   21.1133333554491        9.97115372584924       3.000000000000000E-002
        1476   21.1166666888632        9.97182609061998       3.000000000000000E-002
        1477   21.1200000222772        9.97253860631204       3.000000000000000E-002
        1478   21.1233333556913        9.97329127535704       3.000000000000000E-002
        1479   21.1266666891053        9.97408406272559       3.000000000000000E-002
        1480   21.1300000225194        9.97491690710362       3.000000000000000E-002
        1481   21.1333333559334        9.97578972089262       3.000000000000000E-002
        1482   21.1366666893475        9.97670240138593       3.000000000000000E-002
        1483   21.1400000227615        9.97765480096669       3.000000000000000E-002
        1484   21.1433333561756        9.97864675504787       3.000000000000000E-002
        1485   21.1466666895896        9.97967806158348       3.000000000000000E-002
        1486   21.1500000230037        9.98074850342065       3.000000000000000E-002
        1487   21.1533333564177        9.98185782594818       3.000000000000000E-002
        1488   21.1566666898318        9.98300574454743       3.000000000000000E-002
        1489   21.1600000232458        9.98419195204319       3.000000000000000E-002
        1490   21.1633333566599        9.98541610939077       3.000000000000000E-002
        1491   21.1666666900739        9.98667784381364       3.000000000000000E-002
        1492   21.1700000234880        9.98797676556751       3.000000000000000E-002
        1493   21.1733333569020        9.98931244000096       3.000000000000000E-002
        1494   21.1766666903161        9.99068441456404       3.000000000000000E-002
        1495   21.1800000237301        9.99209220204479       3.000000000000000E-002
        1496   21.1833333571441        9.99353528522604       3.000000000000000E-002
        1497   21.1866666905582        9.99501312061105       3.000000000000000E-002
        1498   21.1900000239722        9.99652513190447       3.000000000000000E-002
        1499   21.1933333573863        9.99807071327223       3.000000000000000E-002
        1500   21.1966666908003        9.99964923097160       3.000000000000000E-002
        1501   21.2000000242144        10.0000000152144       3.000000000000000E-002
        1502   21.1966666908003        9.99619574833322       3.000000000000000E-002
        1503   21.1933333573863        9.99368759137588       3.000000000000000E-002
        1504   21.1900000239722        9.99121617824496       3.000000000000000E-002
        1505   21.1866666905582        9.98878211618509       3.000000000000000E-002
        1506   21.1833333571441        9.98638598493583       3.000000000000000E-002
        1507   21.1800000237301        9.98402833510214       3.000000000000000E-002
        1508   21.1766666903161        9.98170968489501       3.000000000000000E-002
        1509   21.1733333569020        9.97943052665096       3.000000000000000E-002
        1510   21.1700000234880        9.97719132310704       3.000000000000000E-002
        1511   21.1666666900739        9.97499250274446       3.000000000000000E-002
        1512   21.1633333566599        9.97283447655269       3.000000000000000E-002
        1513   21.1600000232458        9.97071761102139       3.000000000000000E-002
        1514   21.1566666898318        9.96864225608033       3.000000000000000E-002
        1515   21.1533333564177        9.96660872833591       3.000000000000000E-002
        1516   21.1500000230037        9.96461731293410       3.000000000000000E-002
        1517   21.1466666895896        9.96266827287392       3.000000000000000E-002
        1518   21.1433333561756        9.96076184155720       3.000000000000000E-002
        1519   21.1400000227615        9.95889821533828       3.000000000000000E-002
        1520   21.1366666893475        9.95707757587609       3.000000000000000E-002
        1521   21.1333333559334        9.95530006778268       3.000000000000000E-002
        1522   21.1300000225194        9.95356581911270       3.000000000000000E-002
        1523   21.1266666891053        9.95187491342397       3.000000000000000E-002
        1524   21.1233333556913        9.95022741958019       3.000000000000000E-002
        1525   21.1200000222772        9.94862338057541       3.000000000000000E-002
        1526   21.1166666888632        9.94706281353432       3.000000000000000E-002
        1527   21.1133333554491        9.94554569853678       3.000000000000000E-002
        1528   21.1100000220351        9.94407200469517       3.000000000000000E-002
        1529   21.1066666886210        9.94264167152831       3.000000000000000E-002
        1530   21.1033333552070        9.94125460151126       3.000000000000000E-002
        1531   21.1000000217929        9.93991069732855       3.000000000000000E-002
        1532   21.0966666883789        9.93860980599526       3.000000000000000E-002
        1533   21.0933333549649        9.93735178218729       3.000000000000000E-002
        1534   21.0900000215508        9.93613643236241       3.000000000000000E-002
        1535   21.0866666881368        9.93496355573888       3.000000000000000E-002
        1536   21.0833333547227        9.93383292939463       3.000000000000000E-002
        1537   21.0800000213087        9.93274429709186       3.000000000000000E-002
        1538   21.0766666878946        9.93169738417858       3.000000000000000E-002
        1539   21.0733333544806        9.93069190876493       3.000000000000000E-002
        1540   21.0700000210665        9.92972754447068       3.000000000000000E-002
        1541   21.0666666876525        9.92880396512918       3.000000000000000E-002
        1542   21.0633333542384        9.92792081871074       3.000000000000000E-002
        1543   21.0600000208244        9.92707773477373       3.000000000000000E-002
        1544   21.0566666874103        9.92627431328908       3.000000000000000E-002
        1545   21.0533333539963        9.92551015071786       3.000000000000000E-002
        1546   21.0500000205822        9.92478482138526       3.000000000000000E-002
        1547   21.0466666871682        9.92409788493169       3.000000000000000E-002
        1548   21.0433333537541        9.92344887141210       3.000000000000000E-002
        1549   21.0400000203401        9.92283731854936       3.000000000000000E-002
        1550   21.0366666869260        9.92226272330604       3.000000000000000E-002
        1551   21.0333333535120        9.92172458286313       3.000000000000000E-002
        1552   21.0300000200979        9.92122236854350       3.000000000000000E-002
        1553   21.0266666866839        9.92075556306536       3.000000000000000E-002
        1554   21.0233333532698        9.92032360466349       3.000000000000000E-002
        1555   21.0200000198558        9.91992593179322       3.000000000000000E-002
        1556   21.0166666864417        9.91956197940578       3.000000000000000E-002
        1557   21.0133333530277        9.91923115659709       3.000000000000000E-002
        1558   21.0100000196137        9.91893286896013       3.000000000000000E-002
        1559   21.0066666861996        9.91866651113494       3.000000000000000E-002
        1560   21.0033333527856        9.91843147053453       3.000000000000000E-002
        1561   21.0000000193715        9.91822711616964       3.000000000000000E-002
        1562   20.9966666859575        9.91805281355054       3.000000000000000E-002
        1563   20.9933333525434        9.91790792468768       3.000000000000000E-002
        1564   20.9900000191294        9.91779179691648       3.000000000000000E-002
        1565   20.9866666857153        9.91770377407388       3.000000000000000E-002
        1566   20.9833333523013        9.91764318532315       3.000000000000000E-002
        1567   20.9800000188872        9.91760936750634       3.000000000000000E-002
        1568   20.9766666854732        9.91760165024382       3.000000000000000E-002
        1569   20.9733333520591        9.91761934475918       3.000000000000000E-002
        1570   20.9700000186451        9.91766176995695       3.000000000000000E-002
        1571   20.9666666852310        9.91772823752222       3.000000000000000E-002
        1572   20.9633333518170        9.91781805564673       3.000000000000000E-002
        1573   20.9600000184029        9.91793053275488       3.000000000000000E-002
        1574   20.9566666849889        9.91806496632875       3.000000000000000E-002
        1575   20.9533333515748        9.91822066898586       3.000000000000000E-002
        1576   20.9500000181608        9.91839693122719       3.000000000000000E-002
        1577   20.9466666847467        9.91859306241615       3.000000000000000E-002
        1578   20.9433333513327        9.91880836097717       3.000000000000000E-002
        1579   20.9400000179186        9.91904212184717       3.000000000000000E-002
        1580   20.9366666845046        9.91929365137759       3.000000000000000E-002
        1581   20.9333333510905        9.91956225988477       3.000000000000000E-002
        1582   20.9300000176765        9.91984724302442       3.000000000000000E-002
        1583   20.9266666842625        9.92014791159493       3.000000000000000E-002
        1584   20.9233333508484        9.92046357663713       3.000000000000000E-002
        1585   20.9200000174344        9.92079355688594       3.000000000000000E-002
        1586   20.9166666840203        9.92113716387021       3.000000000000000E-002
        1587   20.9133333506063        9.92149372799078       3.000000000000000E-002
        1588   20.9100000171922        9.92186257244451       3.000000000000000E-002
        1589   20.9066666837782        9.92224302440127       3.000000000000000E-002
        1590   20.9033333503641        9.92263442990620       3.000000000000000E-002
        1591   20.9000000169501        9.92303613152909       3.000000000000000E-002
        1592   20.8966666835360        9.92344747954143       3.000000000000000E-002
        1593   20.8933333501220        9.92386782446698       3.000000000000000E-002
        1594   20.8900000167079        9.92429654316008       3.000000000000000E-002
        1595   20.8866666832939        9.92473300155391       3.000000000000000E-002
        1596   20.8833333498798        9.92517658073882       3.000000000000000E-002
        1597   20.8800000164658        9.92562666206248       3.000000000000000E-002
        1598   20.8766666830517        9.92608265693346       3.000000000000000E-002
        1599   20.8733333496377        9.92654396211918       3.000000000000000E-002
        1600   20.8700000162236        9.92701000072541       3.000000000000000E-002
        1601   20.8666666828096        9.92748018494482       3.000000000000000E-002
        1602   20.8633333493955        9.92795396448719       3.000000000000000E-002
        1603   20.8600000159815        9.92843077442678       3.000000000000000E-002
        1604   20.8566666825674        9.92891007431947       3.000000000000000E-002
        1605   20.8533333491534        9.92939133702835       3.000000000000000E-002
        1606   20.8500000157394        9.92987402823623       3.000000000000000E-002
        1607   20.8466666823253        9.93035764556283       3.000000000000000E-002
        1608   20.8433333489113        9.93084168876408       3.000000000000000E-002
        1609   20.8400000154972        9.93132567090968       3.000000000000000E-002
        1610   20.8366666820832        9.93180911279692       3.000000000000000E-002
        1611   20.8333333486691        9.93229155040299       3.000000000000000E-002
        1612   20.8300000152551        9.93277253674951       3.000000000000000E-002
        1613   20.8266666818410        9.93325163072843       3.000000000000000E-002
        1614   20.8233333484270        9.93372840641722       3.000000000000000E-002
        1615   20.8200000150129        9.93420245121815       3.000000000000000E-002
        1616   20.8166666815989        9.93467336399764       3.000000000000000E-002
        1617   20.8133333481848        9.93514075695094       3.000000000000000E-002
        1618   20.8100000147708        9.93560425932952       3.000000000000000E-002
        1619   20.8066666813567        9.93606350626736       3.000000000000000E-002
        1620   20.8033333479427        9.93651815182164       3.000000000000000E-002
        1621   20.8000000145286        9.93696786152443       3.000000000000000E-002
        1622   20.7966666811146        9.93741231611025       3.000000000000000E-002
        1623   20.7933333477005        9.93785120779321       3.000000000000000E-002
        1624   20.7900000142865        9.93828424492601       3.000000000000000E-002
        1625   20.7866666808724        9.93871114362050       3.000000000000000E-002
        1626   20.7833333474584        9.93913164265146       3.000000000000000E-002
        1627   20.7800000140443        9.93954548576404       3.000000000000000E-002
        1628   20.7766666806303        9.93995243657762       3.000000000000000E-002
        1629   20.7733333472162        9.94035226927533       3.000000000000000E-002
        1630   20.7700000138022        9.94074477140088       3.000000000000000E-002
        1631   20.7666666803882        9.94112974665539       3.000000000000000E-002
        1632   20.7633333469741        9.94150700744980       3.000000000000000E-002
        1633   20.7600000135601        9.94187638515250       3.000000000000000E-002
        1634   20.7566666801460        9.94223772171052       3.000000000000000E-002
        1635   20.7533333467320        9.94259087244678       3.000000000000000E-002
        1636   20.7500000133179        9.94293570559772       3.000000000000000E-002
        1637   20.7466666799039        9.94327210324799       3.000000000000000E-002
        1638   20.7433333464898        9.94359996040268       3.000000000000000E-002
        1639   20.7400000130758        9.94391918405956       3.000000000000000E-002
        1640   20.7366666796617        9.94422969554109       3.000000000000000E-002
        1641   20.7333333462477        9.94453142677293       3.000000000000000E-002
        1642   20.7300000128336        9.94482432401311       3.000000000000000E-002
        1643   20.7266666794196        9.94510834366514       3.000000000000000E-002
        1644   20.7233333460055        9.94538345624021       3.000000000000000E-002
        1645   20.7200000125915        9.94564964310185       3.000000000000000E-002
        1646   20.7166666791774        9.94590689740160       3.000000000000000E-002
        1647   20.7133333457634        9.94615522443275       3.000000000000000E-002
        1648   20.7100000123493        9.94639464012160       3.000000000000000E-002
        1649   20.7066666789353        9.94662517155606       3.000000000000000E-002
        1650   20.7033333455212        9.94684685722341       3.000000000000000E-002
        1651   20.7000000121072        9.94705974590136       3.000000000000000E-002
        1652   20.6966666786931        9.94726389693628       3.000000000000000E-002
        1653   20.6933333452791        9.94745937976074       3.000000000000000E-002
        1654   20.6900000118650        9.94764627409582       3.000000000000000E-002
        1655   20.6866666784510        9.94782466892706       3.000000000000000E-002
        1656   20.6833333450370        9.94799466321692       3.000000000000000E-002
        1657   20.6800000116229        9.94815636463023       3.000000000000000E-002
        1658   20.6766666782089        9.94830989012251       3.000000000000000E-002
        1659   20.6733333447948        9.94845536536434       3.000000000000000E-002
        1660   20.6700000113808        9.94859292393310       3.000000000000000E-002
        1661   20.6666666779667        9.94872270801831       3.000000000000000E-002
        1662   20.6633333445527        9.94884486703175       3.000000000000000E-002
        1663   20.6600000111386        9.94895955877889       3.000000000000000E-002
        1664   20.6566666777246        9.94906694783664       3.000000000000000E-002
        1665   20.6533333443105        9.94916720579397       3.000000000000000E-002
        1666   20.6500000108965        9.94926051032864       3.000000000000000E-002
        1667   20.6466666774824        9.94934704707819       3.000000000000000E-002
        1668   20.6433333440684        9.94942700592322       3.000000000000000E-002
        1669   20.6400000106543        9.94950058379025       3.000000000000000E-002
        1670   20.6366666772403        9.94956798140134       3.000000000000000E-002
        1671   20.6333333438262        9.94962940700883       3.000000000000000E-002
        1672   20.6300000104122        9.94968507128295       3.000000000000000E-002
        1673   20.6266666769981        9.94973519197862       3.000000000000000E-002
        1674   20.6233333435841        9.94977998835805       3.000000000000000E-002
        1675   20.6200000101700        9.94981968585827       3.000000000000000E-002
        1676   20.6166666767560        9.94985451191151       3.000000000000000E-002
        1677   20.6133333433419        9.94988469781956       3.000000000000000E-002
        1678   20.6100000099279        9.94991047876591       3.000000000000000E-002
        1679   20.6066666765138        9.94993209103438       3.000000000000000E-002
        1680   20.6033333430998        9.94994977481615       3.000000000000000E-002
        1681   20.6000000096858        9.94996377003235       3.000000000000000E-002
        1682   20.5966666762717        9.94997432193604       3.000000000000000E-002
        1683   20.5933333428577        9.94998167367623       3.000000000000000E-002
        1684   20.5900000094436        9.94998607283228       3.000000000000000E-002
        1685   20.5866666760296        9.94998776491036       3.000000000000000E-002
        1686   20.5833333426155        9.94998699894773       3.000000000000000E-002
        1687   20.5800000092015        9.94998402101048       3.000000000000000E-002
        1688   20.5766666757874        9.94997907979908       3.000000000000000E-002
        1689   20.5733333423734        9.94997242294148       3.000000000000000E-002
        1690   20.5700000089593        9.94996429701219       3.000000000000000E-002
        1691   20.5666666755453        9.94995494941478       3.000000000000000E-002
        1692   20.5633333421312        9.94994462467733       3.000000000000000E-002
        1693   20.5600000087172        9.94993356726788       3.000000000000000E-002
        1694   20.5566666753031        9.94992201975424       3.000000000000000E-002
        1695   20.5533333418891        9.94991022282743       3.000000000000000E-002
        1696   20.5500000084750        9.94989841439467       3.000000000000000E-002
        1697   20.5466666750610        9.94988683239881       3.000000000000000E-002
        1698   20.5433333416469        9.94987571018828       3.000000000000000E-002
        1699   20.5400000082329        9.94986527933868       3.000000000000000E-002
        1700   20.5366666748188        9.94985576781914       3.000000000000000E-002
        1701   20.5333333414048        9.94984740095379       3.000000000000000E-002
        1702   20.5300000079907        9.94984040238471       3.000000000000000E-002
        1703   20.5266666745767        9.94983498851697       3.000000000000000E-002
        1704   20.5233333411627        9.94983137600375       3.000000000000000E-002
        1705   20.5200000077486        9.94982977433195       3.000000000000000E-002
        1706   20.5166666743346        9.94983039237922       3.000000000000000E-002
        1707   20.5133333409205        9.94983343193437       3.000000000000000E-002
        1708   20.5100000075065        9.94983909332685       3.000000000000000E-002
        1709   20.5066666740924        9.94984756895107       3.000000000000000E-002
        1710   20.5033333406784        9.94985904983129       3.000000000000000E-002
        1711   20.5000000072643        9.94987372101300       3.000000000000000E-002
        1712   20.4966666738503        9.94989176347597       3.000000000000000E-002
        1713   20.4933333404362        9.94991335139310       3.000000000000000E-002
        1714   20.4900000070222        9.94993865684277       3.000000000000000E-002
        1715   20.4866666736081        9.94996784614199       3.000000000000000E-002
        1716   20.4833333401941        9.95000107897670       3.000000000000000E-002
        1717   20.4800000067800        9.95003851126060       3.000000000000000E-002
        1718   20.4766666733660        9.95008029427214       3.000000000000000E-002
        1719   20.4733333399519        9.95012657286398       3.000000000000000E-002
        1720   20.4700000065379        9.95017748833295       3.000000000000000E-002
        1721   20.4666666731238        9.95023317570635       3.000000000000000E-002
        1722   20.4633333397098        9.95029376475810       3.000000000000000E-002
        1723   20.4600000062957        9.95035938196097       3.000000000000000E-002
        1724   20.4566666728817        9.95043014778752       3.000000000000000E-002
        1725   20.4533333394676        9.95050617587906       3.000000000000000E-002
        1726   20.4500000060536        9.95058757780875       3.000000000000000E-002
        1727   20.4466666726395        9.95067446040025       3.000000000000000E-002
        1728   20.4433333392255        9.95076692398482       3.000000000000000E-002
        1729   20.4400000058115        9.95086506439096       3.000000000000000E-002
        1730   20.4366666723974        9.95096897587340       3.000000000000000E-002
        1731   20.4333333389834        9.95107874660007       3.000000000000000E-002
        1732   20.4300000055693        9.95119445973629       3.000000000000000E-002
        1733   20.4266666721553        9.95131619640161       3.000000000000000E-002
        1734   20.4233333387412        9.95144403398086       3.000000000000000E-002
        1735   20.4200000053272        9.95157804537823       3.000000000000000E-002
        1736   20.4166666719131        9.95171830200929       3.000000000000000E-002
        1737   20.4133333384991        9.95186487121894       3.000000000000000E-002
        1738   20.4100000050850        9.95201781930217       3.000000000000000E-002
        1739   20.4066666716710        9.95217720802184       3.000000000000000E-002
        1740   20.4033333382569        9.95234310138875       3.000000000000000E-002
        1741   20.4000000048429        9.95251555755989       3.000000000000000E-002
        1742   20.3966666714288        9.95269463752153       3.000000000000000E-002
        1743   20.3933333380148        9.95288039982562       3.000000000000000E-002
        1744   20.3900000046007        9.95307290280200       3.000000000000000E-002
        1745   20.3866666711867        9.95327220866099       3.000000000000000E-002
        1746   20.3833333377726        9.95347837458795       3.000000000000000E-002
        1747   20.3800000043586        9.95369146529177       3.000000000000000E-002
        1748   20.3766666709445        9.95391154510117       3.000000000000000E-002
        1749   20.3733333375305        9.95413868314040       3.000000000000000E-002
        1750   20.3700000041164        9.95437295016814       3.000000000000000E-002
        1751   20.3666666707024        9.95461442291701       3.000000000000000E-002
        1752   20.3633333372883        9.95486318290078       3.000000000000000E-002
        1753   20.3600000038743        9.95511931993993       3.000000000000000E-002
        1754   20.3566666704603        9.95538293016837       3.000000000000000E-002
        1755   20.3533333370462        9.95565411597982       3.000000000000000E-002
        1756   20.3500000036322        9.95593299444243       3.000000000000000E-002
        1757   20.3466666702181        9.95621969090933       3.000000000000000E-002
        1758   20.3433333368041        9.95651434205142       3.000000000000000E-002
        1759   20.3400000033900        9.95681710087621       3.000000000000000E-002
        1760   20.3366666699760        9.95712813536668       3.000000000000000E-002
        1761   20.3333333365619        9.95744763100390       3.000000000000000E-002
        1762   20.3300000031479        9.95777579253845       3.000000000000000E-002
        1763   20.3266666697338        9.95811284783027       3.000000000000000E-002
        1764   20.3233333363198        9.95845904726779       3.000000000000000E-002
        1765   20.3200000029057        9.95881466997733       3.000000000000000E-002
        1766   20.3166666694917        9.95918002475753       3.000000000000000E-002
        1767   20.3133333360776        9.95955545416999       3.000000000000000E-002
        1768   20.3100000026636        9.95994133718895       3.000000000000000E-002
        1769   20.3066666692495        9.96033809793107       3.000000000000000E-002
        1770   20.3033333358355        9.96074620378707       3.000000000000000E-002
        1771   20.3000000024214        9.96116617541040       3.000000000000000E-002
        1772   20.2966666690074        9.96159859378757       3.000000000000000E-002
        1773   20.2933333355933        9.96204410640763       3.000000000000000E-002
        1774   20.2900000021793        9.96250343365267       3.000000000000000E-002
        1775   20.2866666687652        9.96297738170023       3.000000000000000E-002
        1776   20.2833333353512        9.96346685524981       3.000000000000000E-002
        1777   20.2800000019372        9.96397286625788       3.000000000000000E-002
        1778   20.2766666685231        9.96449655499189       3.000000000000000E-002
        1779   20.2733333351091        9.96503920632330       3.000000000000000E-002
        1780   20.2700000016950        9.96560227649402       3.000000000000000E-002
        1781   20.2666666682810        9.96618741603951       3.000000000000000E-002
        1782   20.2633333348669        9.96679651168494       3.000000000000000E-002
        1783   20.2600000014529        9.96743172255298       3.000000000000000E-002
        1784   20.2566666680388        9.96809553933219       3.000000000000000E-002
        1785   20.2533333346248        9.96879084762696       3.000000000000000E-002
        1786   20.2500000012107        9.96952102196130       3.000000000000000E-002
        1787   20.2466666677967        9.97029003397417       3.000000000000000E-002
        1788   20.2433333343826        9.97110260929935       3.000000000000000E-002
        1789   20.2400000009686        9.97196442935477       3.000000000000000E-002
        1790   20.2366666675545        9.97288242102174       3.000000000000000E-002
        1791   20.2333333341405        9.97386515649249       3.000000000000000E-002
        1792   20.2300000007264        9.97492344851039       3.000000000000000E-002
        1793   20.2266666673124        9.97607124810281       3.000000000000000E-002
        1794   20.2233333338983        9.97732707030714       3.000000000000000E-002
        1795   20.2200000004843        9.97871638153169       3.000000000000000E-002
        1796   20.2166666670702        9.98027588356742       3.000000000000000E-002
        1797   20.2133333336562        9.98206194690391       3.000000000000000E-002
        1798   20.2100000002421        9.98416950862113       3.000000000000000E-002
        1799   20.2066666668281        9.98678373266246       3.000000000000000E-002
        1800   20.2033333334140        9.99038272095397       3.000000000000000E-002
 
           1           1         602         601
           2           1           2         602
           3           2         603         602
           4           2           3         603
           5           3         604         603
           6           3           4         604
           7           4         605         604
           8           4           5         605
           9           5         606         605
          10           5           6         606
          11           6         607         606
          12           6           7         607
          13           7         608         607
          14           7           8         608
          15           8         609         608
          16           8           9         609
          17           9         610         609
          18           9          10         610
          19          10         611         610
          20          10          11         611
          21          11         612         611
          22          11          12         612
          23          12         613         612
          24          12          13         613
          25          13         614         613
          26          13          14         614
          27          14         615         614
          28          14          15         615
          29          15         616         615
          30          15          16         616
          31          16         617         616
          32          16          17         617
          33          17         618         617
          34          17          18         618
          35          18         619         618
          36          18          19         619
          37          19         620         619
          38          19          20         620
          39          20         621         620
          40          20          21         621
          41          21         622         621
          42          21          22         622
          43          22         623         622
          44          22          23         623
          45          23         624         623
          46          23          24         624
          47          24         625         624
          48          24          25         625
          49          25         626         625
          50          25          26         626
          51          26         627         626
          52          26          27         627
          53          27         628         627
          54          27          28         628
          55          28         629         628
          56          28          29         629
          57          29         630         629
          58          29          30         630
          59          30         631         630
          60          30          31         631
          61          31         632         631
          62          31          32         632
          63          32         633         632
          64          32          33         633
          65          33         634         633
          66          33          34         634
          67          34         635         634
          68          34          35         635
          69          35         636         635
          70          35          36         636
          71          36         637         636
          72          36          37         637
          73          37         638         637
          74          37          38         638
          75          38         639         638
          76          38          39         639
          77          39         640         639
          78          39          40         640
          79          40         641         640
          80          40          41         641
          81          41         642         641
          82          41          42         642
          83          42         643         642
          84          42          43         643
          85          43         644         643
          86          43          44         644
          87          44         645         644
          88          44          45         645
          89          45         646         645
          90          45          46         646
          91          46         647         646
          92          46          47         647
          93          47         648         647
          94          47          48         648
          95          48         649         648
          96          48          49         649
          97          49         650         649
          98          49          50         650
          99          50         651         650
         100          50          51         651
         101          51         652         651
         102          51          52         652
         103          52         653         652
         104          52          53         653
         105          53         654         653
         106          53          54         654
         107          54         655         654
         108          54          55         655
         109          55         656         655
         110          55          56         656
         111          56         657         656
         112          56          57         657
         113          57         658         657
         114          57          58         658
         115          58         659         658
         116          58          59         659
         117          59         660         659
         118          59          60         660
         119          60         661         660
         120          60          61         661
         121          61         662         661
         122          61          62         662
         123          62         663         662
         124          62          63         663
         125          63         664         663
         126          63          64         664
         127          64         665         664
         128          64          65         665
         129          65         666         665
         130          65          66         666
         131          66         667         666
         132          66          67         667
         133          67         668         667
         134          67          68         668
         135          68         669         668
         136          68          69         669
         137          69         670         669
         138          69          70         670
         139          70         671         670
         140          70          71         671
         141          71         672         671
         142          71          72         672
         143          72         673         672
         144          72          73         673
         145          73         674         673
         146          73          74         674
         147          74         675         674
         148          74          75         675
         149          75         676         675
         150          75          76         676
         151          76         677         676
         152          76          77         677
         153          77         678         677
         154          77          78         678
         155          78         679         678
         156          78          79         679
         157          79         680         679
         158          79          80         680
         159          80         681         680
         160          80          81         681
         161          81         682         681
         162          81          82         682
         163          82         683         682
         164          82          83         683
         165          83         684         683
         166          83          84         684
         167          84         685         684
         168          84          85         685
         169          85         686         685
         170          85          86         686
         171          86         687         686
         172          86          87         687
         173          87         688         687
         174          87          88         688
         175          88         689         688
         176          88          89         689
         177          89         690         689
         178          89          90         690
         179          90         691         690
         180          90          91         691
         181          91         692         691
         182          91          92         692
         183          92         693         692
         184          92          93         693
         185          93         694         693
         186          93          94         694
         187          94         695         694
         188          94          95         695
         189          95         696         695
         190          95          96         696
         191          96         697         696
         192          96          97         697
         193          97         698         697
         194          97          98         698
         195          98         699         698
         196          98          99         699
         197          99         700         699
         198          99         100         700
         199         100         701         700
         200         100         101         701
         201         101         702         701
         202         101         102         702
         203         102         703         702
         204         102         103         703
         205         103         704         703
         206         103         104         704
         207         104         705         704
         208         104         105         705
         209         105         706         705
         210         105         106         706
         211         106         707         706
         212         106         107         707
         213         107         708         707
         214         107         108         708
         215         108         709         708
         216         108         109         709
         217         109         710         709
         218         109         110         710
         219         110         711         710
         220         110         111         711
         221         111         712         711
         222         111         112         712
         223         112         713         712
         224         112         113         713
         225         113         714         713
         226         113         114         714
         227         114         715         714
         228         114         115         715
         229         115         716         715
         230         115         116         716
         231         116         717         716
         232         116         117         717
         233         117         718         717
         234         117         118         718
         235         118         719         718
         236         118         119         719
         237         119         720         719
         238         119         120         720
         239         120         721         720
         240         120         121         721
         241         121         722         721
         242         121         122         722
         243         122         723         722
         244         122         123         723
         245         123         724         723
         246         123         124         724
         247         124         725         724
         248         124         125         725
         249         125         726         725
         250         125         126         726
         251         126         727         726
         252         126         127         727
         253         127         728         727
         254         127         128         728
         255         128         729         728
         256         128         129         729
         257         129         730         729
         258         129         130         730
         259         130         731         730
         260         130         131         731
         261         131         732         731
         262         131         132         732
         263         132         733         732
         264         132         133         733
         265         133         734         733
         266         133         134         734
         267         134         735         734
         268         134         135         735
         269         135         736         735
         270         135         136         736
         271         136         737         736
         272         136         137         737
         273         137         738         737
         274         137         138         738
         275         138         739         738
         276         138         139         739
         277         139         740         739
         278         139         140         740
         279         140         741         740
         280         140         141         741
         281         141         742         741
         282         141         142         742
         283         142         743         742
         284         142         143         743
         285         143         744         743
         286         143         144         744
         287         144         745         744
         288         144         145         745
         289         145         746         745
         290         145         146         746
         291         146         747         746
         292         146         147         747
         293         147         748         747
         294         147         148         748
         295         148         749         748
         296         148         149         749
         297         149         750         749
         298         149         150         750
         299         150         751         750
         300         150         151         751
         301         151         752         751
         302         151         152         752
         303         152         753         752
         304         152         153         753
         305         153         754         753
         306         153         154         754
         307         154         755         754
         308         154         155         755
         309         155         756         755
         310         155         156         756
         311         156         757         756
         312         156         157         757
         313         157         758         757
         314         157         158         758
         315         158         759         758
         316         158         159         759
         317         159         760         759
         318         159         160         760
         319         160         761         760
         320         160         161         761
         321         161         762         761
         322         161         162         762
         323         162         763         762
         324         162         163         763
         325         163         764         763
         326         163         164         764
         327         164         765         764
         328         164         165         765
         329         165         766         765
         330         165         166         766
         331         166         767         766
         332         166         167         767
         333         167         768         767
         334         167         168         768
         335         168         769         768
         336         168         169         769
         337         169         770         769
         338         169         170         770
         339         170         771         770
         340         170         171         771
         341         171         772         771
         342         171         172         772
         343         172         773         772
         344         172         173         773
         345         173         774         773
         346         173         174         774
         347         174         775         774
         348         174         175         775
         349         175         776         775
         350         175         176         776
         351         176         777         776
         352         176         177         777
         353         177         778         777
         354         177         178         778
         355         178         779         778
         356         178         179         779
         357         179         780         779
         358         179         180         780
         359         180         781         780
         360         180         181         781
         361         181         782         781
         362         181         182         782
         363         182         783         782
         364         182         183         783
         365         183         784         783
         366         183         184         784
         367         184         785         784
         368         184         185         785
         369         185         786         785
         370         185         186         786
         371         186         787         786
         372         186         187         787
         373         187         788         787
         374         187         188         788
         375         188         789         788
         376         188         189         789
         377         189         790         789
         378         189         190         790
         379         190         791         790
         380         190         191         791
         381         191         792         791
         382         191         192         792
         383         192         793         792
         384         192         193         793
         385         193         794         793
         386         193         194         794
         387         194         795         794
         388         194         195         795
         389         195         796         795
         390         195         196         796
         391         196         797         796
         392         196         197         797
         393         197         798         797
         394         197         198         798
         395         198         799         798
         396         198         199         799
         397         199         800         799
         398         199         200         800
         399         200         801         800
         400         200         201         801
         401         201         802         801
         402         201         202         802
         403         202         803         802
         404         202         203         803
         405         203         804         803
         406         203         204         804
         407         204         805         804
         408         204         205         805
         409         205         806         805
         410         205         206         806
         411         206         807         806
         412         206         207         807
         413         207         808         807
         414         207         208         808
         415         208         809         808
         416         208         209         809
         417         209         810         809
         418         209         210         810
         419         210         811         810
         420         210         211         811
         421         211         812         811
         422         211         212         812
         423         212         813         812
         424         212         213         813
         425         213         814         813
         426         213         214         814
         427         214         815         814
         428         214         215         815
         429         215         816         815
         430         215         216         816
         431         216         817         816
         432         216         217         817
         433         217         818         817
         434         217         218         818
         435         218         819         818
         436         218         219         819
         437         219         820         819
         438         219         220         820
         439         220         821         820
         440         220         221         821
         441         221         822         821
         442         221         222         822
         443         222         823         822
         444         222         223         823
         445         223         824         823
         446         223         224         824
         447         224         825         824
         448         224         225         825
         449         225         826         825
         450         225         226         826
         451         226         827         826
         452         226         227         827
         453         227         828         827
         454         227         228         828
         455         228         829         828
         456         228         229         829
         457         229         830         829
         458         229         230         830
         459         230         831         830
         460         230         231         831
         461         231         832         831
         462         231         232         832
         463         232         833         832
         464         232         233         833
         465         233         834         833
         466         233         234         834
         467         234         835         834
         468         234         235         835
         469         235         836         835
         470         235         236         836
         471         236         837         836
         472         236         237         837
         473         237         838         837
         474         237         238         838
         475         238         839         838
         476         238         239         839
         477         239         840         839
         478         239         240         840
         479         240         841         840
         480         240         241         841
         481         241         842         841
         482         241         242         842
         483         242         843         842
         484         242         243         843
         485         243         844         843
         486         243         244         844
         487         244         845         844
         488         244         245         845
         489         245         846         845
         490         245         246         846
         491         246         847         846
         492         246         247         847
         493         247         848         847
         494         247         248         848
         495         248         849         848
         496         248         249         849
         497         249         850         849
         498         249         250         850
         499         250         851         850
         500         250         251         851
         501         251         852         851
         502         251         252         852
         503         252         853         852
         504         252         253         853
         505         253         854         853
         506         253         254         854
         507         254         855         854
         508         254         255         855
         509         255         856         855
         510         255         256         856
         511         256         857         856
         512         256         257         857
         513         257         858         857
         514         257         258         858
         515         258         859         858
         516         258         259         859
         517         259         860         859
         518         259         260         860
         519         260         861         860
         520         260         261         861
         521         261         862         861
         522         261         262         862
         523         262         863         862
         524         262         263         863
         525         263         864         863
         526         263         264         864
         527         264         865         864
         528         264         265         865
         529         265         866         865
         530         265         266         866
         531         266         867         866
         532         266         267         867
         533         267         868         867
         534         267         268         868
         535         268         869         868
         536         268         269         869
         537         269         870         869
         538         269         270         870
         539         270         871         870
         540         270         271         871
         541         271         872         871
         542         271         272         872
         543         272         873         872
         544         272         273         873
         545         273         874         873
         546         273         274         874
         547         274         875         874
         548         274         275         875
         549         275         876         875
         550         275         276         876
         551         276         877         876
         552         276         277         877
         553         277         878         877
         554         277         278         878
         555         278         879         878
         556         278         279         879
         557         279         880         879
         558         279         280         880
         559         280         881         880
         560         280         281         881
         561         281         882         881
         562         281         282         882
         563         282         883         882
         564         282         283         883
         565         283         884         883
         566         283         284         884
         567         284         885         884
         568         284         285         885
         569         285         886         885
         570         285         286         886
         571         286         887         886
         572         286         287         887
         573         287         888         887
         574         287         288         888
         575         288         889         888
         576         288         289         889
         577         289         890         889
         578         289         290         890
         579         290         891         890
         580         290         291         891
         581         291         892         891
         582         291         292         892
         583         292         893         892
         584         292         293         893
         585         293         894         893
         586         293         294         894
         587         294         895         894
         588         294         295         895
         589         295         896         895
         590         295         296         896
         591         296         897         896
         592         296         297         897
         593         297         898         897
         594         297         298         898
         595         298         899         898
         596         298         299         899
         597         299         900         899
         598         299         300         900
         599         300         901         900
         600         300         301         901
         601         301         902         901
         602         301         302         902
         603         302         903         902
         604         302         303         903
         605         303         904         903
         606         303         304         904
         607         304         905         904
         608         304         305         905
         609         305         906         905
         610         305         306         906
         611         306         907         906
         612         306         307         907
         613         307         908         907
         614         307         308         908
         615         308         909         908
         616         308         309         909
         617         309         910         909
         618         309         310         910
         619         310         911         910
         620         310         311         911
         621         311         912         911
         622         311         312         912
         623         312         913         912
         624         312         313         913
         625         313         914         913
         626         313         314         914
         627         314         915         914
         628         314         315         915
         629         315         916         915
         630         315         316         916
         631         316         917         916
         632         316         317         917
         633         317         918         917
         634         317         318         918
         635         318         919         918
         636         318         319         919
         637         319         920         919
         638         319         320         920
         639         320         921         920
         640         320         321         921
         641         321         922         921
         642         321         322         922
         643         322         923         922
         644         322         323         923
         645         323         924         923
         646         323         324         924
         647         324         925         924
         648         324         325         925
         649         325         926         925
         650         325         326         926
         651         326         927         926
         652         326         327         927
         653         327         928         927
         654         327         328         928
         655         328         929         928
         656         328         329         929
         657         329         930         929
         658         329         330         930
         659         330         931         930
         660         330         331         931
         661         331         932         931
         662         331         332         932
         663         332         933         932
         664         332         333         933
         665         333         934         933
         666         333         334         934
         667         334         935         934
         668         334         335         935
         669         335         936         935
         670         335         336         936
         671         336         937         936
         672         336         337         937
         673         337         938         937
         674         337         338         938
         675         338         939         938
         676         338         339         939
         677         339         940         939
         678         339         340         940
         679         340         941         940
         680         340         341         941
         681         341         942         941
         682         341         342         942
         683         342         943         942
         684         342         343         943
         685         343         944         943
         686         343         344         944
         687         344         945         944
         688         344         345         945
         689         345         946         945
         690         345         346         946
         691         346         947         946
         692         346         347         947
         693         347         948         947
         694         347         348         948
         695         348         949         948
         696         348         349         949
         697         349         950         949
         698         349         350         950
         699         350         951         950
         700         350         351         951
         701         351         952         951
         702         351         352         952
         703         352         953         952
         704         352         353         953
         705         353         954         953
         706         353         354         954
         707         354         955         954
         708         354         355         955
         709         355         956         955
         710         355         356         956
         711         356         957         956
         712         356         357         957
         713         357         958         957
         714         357         358         958
         715         358         959         958
         716         358         359         959
         717         359         960         959
         718         359         360         960
         719         360         961         960
         720         360         361         961
         721         361         962         961
         722         361         362         962
         723         362         963         962
         724         362         363         963
         725         363         964         963
         726         363         364         964
         727         364         965         964
         728         364         365         965
         729         365         966         965
         730         365         366         966
         731         366         967         966
         732         366         367         967
         733         367         968         967
         734         367         368         968
         735         368         969         968
         736         368         369         969
         737         369         970         969
         738         369         370         970
         739         370         971         970
         740         370         371         971
         741         371         972         971
         742         371         372         972
         743         372         973         972
         744         372         373         973
         745         373         974         973
         746         373         374         974
         747         374         975         974
         748         374         375         975
         749         375         976         975
         750         375         376         976
         751         376         977         976
         752         376         377         977
         753         377         978         977
         754         377         378         978
         755         378         979         978
         756         378         379         979
         757         379         980         979
         758         379         380         980
         759         380         981         980
         760         380         381         981
         761         381         982         981
         762         381         382         982
         763         382         983         982
         764         382         383         983
         765         383         984         983
         766         383         384         984
         767         384         985         984
         768         384         385         985
         769         385         986         985
         770         385         386         986
         771         386         987         986
         772         386         387         987
         773         387         988         987
         774         387         388         988
         775         388         989         988
         776         388         389         989
         777         389         990         989
         778         389         390         990
         779         390         991         990
         780         390         391         991
         781         391         992         991
         782         391         392         992
         783         392         993         992
         784         392         393         993
         785         393         994         993
         786         393         394         994
         787         394         995         994
         788         394         395         995
         789         395         996         995
         790         395         396         996
         791         396         997         996
         792         396         397         997
         793         397         998         997
         794         397         398         998
         795         398         999         998
         796         398         399         999
         797         399        1000         999
         798         399         400        1000
         799         400        1001        1000
         800         400         401        1001
         801         401        1002        1001
         802         401         402        1002
         803         402        1003        1002
         804         402         403        1003
         805         403        1004        1003
         806         403         404        1004
         807         404        1005        1004
         808         404         405        1005
         809         405        1006        1005
         810         405         406        1006
         811         406        1007        1006
         812         406         407        1007
         813         407        1008        1007
         814         407         408        1008
         815         408        1009        1008
         816         408         409        1009
         817         409        1010        1009
         818         409         410        1010
         819         410        1011        1010
         820         410         411        1011
         821         411        1012        1011
         822         411         412        1012
         823         412        1013        1012
         824         412         413        1013
         825         413        1014        1013
         826         413         414        1014
         827         414        1015        1014
         828         414         415        1015
         829         415        1016        1015
         830         415         416        1016
         831         416        1017        1016
         832         416         417        1017
         833         417        1018        1017
         834         417         418        1018
         835         418        1019        1018
         836         418         419        1019
         837         419        1020        1019
         838         419         420        1020
         839         420        1021        1020
         840         420         421        1021
         841         421        1022        1021
         842         421         422        1022
         843         422        1023        1022
         844         422         423        1023
         845         423        1024        1023
         846         423         424        1024
         847         424        1025        1024
         848         424         425        1025
         849         425        1026        1025
         850         425         426        1026
         851         426        1027        1026
         852         426         427        1027
         853         427        1028        1027
         854         427         428        1028
         855         428        1029        1028
         856         428         429        1029
         857         429        1030        1029
         858         429         430        1030
         859         430        1031        1030
         860         430         431        1031
         861         431        1032        1031
         862         431         432        1032
         863         432        1033        1032
         864         432         433        1033
         865         433        1034        1033
         866         433         434        1034
         867         434        1035        1034
         868         434         435        1035
         869         435        1036        1035
         870         435         436        1036
         871         436        1037        1036
         872         436         437        1037
         873         437        1038        1037
         874         437         438        1038
         875         438        1039        1038
         876         438         439        1039
         877         439        1040        1039
         878         439         440        1040
         879         440        1041        1040
         880         440         441        1041
         881         441        1042        1041
         882         441         442        1042
         883         442        1043        1042
         884         442         443        1043
         885         443        1044        1043
         886         443         444        1044
         887         444        1045        1044
         888         444         445        1045
         889         445        1046        1045
         890         445         446        1046
         891         446        1047        1046
         892         446         447        1047
         893         447        1048        1047
         894         447         448        1048
         895         448        1049        1048
         896         448         449        1049
         897         449        1050        1049
         898         449         450        1050
         899         450        1051        1050
         900         450         451        1051
         901         451        1052        1051
         902         451         452        1052
         903         452        1053        1052
         904         452         453        1053
         905         453        1054        1053
         906         453         454        1054
         907         454        1055        1054
         908         454         455        1055
         909         455        1056        1055
         910         455         456        1056
         911         456        1057        1056
         912         456         457        1057
         913         457        1058        1057
         914         457         458        1058
         915         458        1059        1058
         916         458         459        1059
         917         459        1060        1059
         918         459         460        1060
         919         460        1061        1060
         920         460         461        1061
         921         461        1062        1061
         922         461         462        1062
         923         462        1063        1062
         924         462         463        1063
         925         463        1064        1063
         926         463         464        1064
         927         464        1065        1064
         928         464         465        1065
         929         465        1066        1065
         930         465         466        1066
         931         466        1067        1066
         932         466         467        1067
         933         467        1068        1067
         934         467         468        1068
         935         468        1069        1068
         936         468         469        1069
         937         469        1070        1069
         938         469         470        1070
         939         470        1071        1070
         940         470         471        1071
         941         471        1072        1071
         942         471         472        1072
         943         472        1073        1072
         944         472         473        1073
         945         473        1074        1073
         946         473         474        1074
         947         474        1075        1074
         948         474         475        1075
         949         475        1076        1075
         950         475         476        1076
         951         476        1077        1076
         952         476         477        1077
         953         477        1078        1077
         954         477         478        1078
         955         478        1079        1078
         956         478         479        1079
         957         479        1080        1079
         958         479         480        1080
         959         480        1081        1080
         960         480         481        1081
         961         481        1082        1081
         962         481         482        1082
         963         482        1083        1082
         964         482         483        1083
         965         483        1084        1083
         966         483         484        1084
         967         484        1085        1084
         968         484         485        1085
         969         485        1086        1085
         970         485         486        1086
         971         486        1087        1086
         972         486         487        1087
         973         487        1088        1087
         974         487         488        1088
         975         488        1089        1088
         976         488         489        1089
         977         489        1090        1089
         978         489         490        1090
         979         490        1091        1090
         980         490         491        1091
         981         491        1092        1091
         982         491         492        1092
         983         492        1093        1092
         984         492         493        1093
         985         493        1094        1093
         986         493         494        1094
         987         494        1095        1094
         988         494         495        1095
         989         495        1096        1095
         990         495         496        1096
         991         496        1097        1096
         992         496         497        1097
         993         497        1098        1097
         994         497         498        1098
         995         498        1099        1098
         996         498         499        1099
         997         499        1100        1099
         998         499         500        1100
         999         500        1101        1100
        1000         500         501        1101
        1001         501        1102        1101
        1002         501         502        1102
        1003         502        1103        1102
        1004         502         503        1103
        1005         503        1104        1103
        1006         503         504        1104
        1007         504        1105        1104
        1008         504         505        1105
        1009         505        1106        1105
        1010         505         506        1106
        1011         506        1107        1106
        1012         506         507        1107
        1013         507        1108        1107
        1014         507         508        1108
        1015         508        1109        1108
        1016         508         509        1109
        1017         509        1110        1109
        1018         509         510        1110
        1019         510        1111        1110
        1020         510         511        1111
        1021         511        1112        1111
        1022         511         512        1112
        1023         512        1113        1112
        1024         512         513        1113
        1025         513        1114        1113
        1026         513         514        1114
        1027         514        1115        1114
        1028         514         515        1115
        1029         515        1116        1115
        1030         515         516        1116
        1031         516        1117        1116
        1032         516         517        1117
        1033         517        1118        1117
        1034         517         518        1118
        1035         518        1119        1118
        1036         518         519        1119
        1037         519        1120        1119
        1038         519         520        1120
        1039         520        1121        1120
        1040         520         521        1121
        1041         521        1122        1121
        1042         521         522        1122
        1043         522        1123        1122
        1044         522         523        1123
        1045         523        1124        1123
        1046         523         524        1124
        1047         524        1125        1124
        1048         524         525        1125
        1049         525        1126        1125
        1050         525         526        1126
        1051         526        1127        1126
        1052         526         527        1127
        1053         527        1128        1127
        1054         527         528        1128
        1055         528        1129        1128
        1056         528         529        1129
        1057         529        1130        1129
        1058         529         530        1130
        1059         530        1131        1130
        1060         530         531        1131
        1061         531        1132        1131
        1062         531         532        1132
        1063         532        1133        1132
        1064         532         533        1133
        1065         533        1134        1133
        1066         533         534        1134
        1067         534        1135        1134
        1068         534         535        1135
        1069         535        1136        1135
        1070         535         536        1136
        1071         536        1137        1136
        1072         536         537        1137
        1073         537        1138        1137
        1074         537         538        1138
        1075         538        1139        1138
        1076         538         539        1139
        1077         539        1140        1139
        1078         539         540        1140
        1079         540        1141        1140
        1080         540         541        1141
        1081         541        1142        1141
        1082         541         542        1142
        1083         542        1143        1142
        1084         542         543        1143
        1085         543        1144        1143
        1086         543         544        1144
        1087         544        1145        1144
        1088         544         545        1145
        1089         545        1146        1145
        1090         545         546        1146
        1091         546        1147        1146
        1092         546         547        1147
        1093         547        1148        1147
        1094         547         548        1148
        1095         548        1149        1148
        1096         548         549        1149
        1097         549        1150        1149
        1098         549         550        1150
        1099         550        1151        1150
        1100         550         551        1151
        1101         551        1152        1151
        1102         551         552        1152
        1103         552        1153        1152
        1104         552         553        1153
        1105         553        1154        1153
        1106         553         554        1154
        1107         554        1155        1154
        1108         554         555        1155
        1109         555        1156        1155
        1110         555         556        1156
        1111         556        1157        1156
        1112         556         557        1157
        1113         557        1158        1157
        1114         557         558        1158
        1115         558        1159        1158
        1116         558         559        1159
        1117         559        1160        1159
        1118         559         560        1160
        1119         560        1161        1160
        1120         560         561        1161
        1121         561        1162        1161
        1122         561         562        1162
        1123         562        1163        1162
        1124         562         563        1163
        1125         563        1164        1163
        1126         563         564        1164
        1127         564        1165        1164
        1128         564         565        1165
        1129         565        1166        1165
        1130         565         566        1166
        1131         566        1167        1166
        1132         566         567        1167
        1133         567        1168        1167
        1134         567         568        1168
        1135         568        1169        1168
        1136         568         569        1169
        1137         569        1170        1169
        1138         569         570        1170
        1139         570        1171        1170
        1140         570         571        1171
        1141         571        1172        1171
        1142         571         572        1172
        1143         572        1173        1172
        1144         572         573        1173
        1145         573        1174        1173
        1146         573         574        1174
        1147         574        1175        1174
        1148         574         575        1175
        1149         575        1176        1175
        1150         575         576        1176
        1151         576        1177        1176
        1152         576         577        1177
        1153         577        1178        1177
        1154         577         578        1178
        1155         578        1179        1178
        1156         578         579        1179
        1157         579        1180        1179
        1158         579         580        1180
        1159         580        1181        1180
        1160         580         581        1181
        1161         581        1182        1181
        1162         581         582        1182
        1163         582        1183        1182
        1164         582         583        1183
        1165         583        1184        1183
        1166         583         584        1184
        1167         584        1185        1184
        1168         584         585        1185
        1169         585        1186        1185
        1170         585         586        1186
        1171         586        1187        1186
        1172         586         587        1187
        1173         587        1188        1187
        1174         587         588        1188
        1175         588        1189        1188
        1176         588         589        1189
        1177         589        1190        1189
        1178         589         590        1190
        1179         590        1191        1190
        1180         590         591        1191
        1181         591        1192        1191
        1182         591         592        1192
        1183         592        1193        1192
        1184         592         593        1193
        1185         593        1194        1193
        1186         593         594        1194
        1187         594        1195        1194
        1188         594         595        1195
        1189         595        1196        1195
        1190         595         596        1196
        1191         596        1197        1196
        1192         596         597        1197
        1193         597        1198        1197
        1194         597         598        1198
        1195         598        1199        1198
        1196         598         599        1199
        1197         599        1200        1199
        1198         599         600        1200
        1199         600         601        1200
        1200         600           1         601
        1201         601        1202        1201
        1202         601         602        1202
        1203         602        1203        1202
        1204         602         603        1203
        1205         603        1204        1203
        1206         603         604        1204
        1207         604        1205        1204
        1208         604         605        1205
        1209         605        1206        1205
        1210         605         606        1206
        1211         606        1207        1206
        1212         606         607        1207
        1213         607        1208        1207
        1214         607         608        1208
        1215         608        1209        1208
        1216         608         609        1209
        1217         609        1210        1209
        1218         609         610        1210
        1219         610        1211        1210
        1220         610         611        1211
        1221         611        1212        1211
        1222         611         612        1212
        1223         612        1213        1212
        1224         612         613        1213
        1225         613        1214        1213
        1226         613         614        1214
        1227         614        1215        1214
        1228         614         615        1215
        1229         615        1216        1215
        1230         615         616        1216
        1231         616        1217        1216
        1232         616         617        1217
        1233         617        1218        1217
        1234         617         618        1218
        1235         618        1219        1218
        1236         618         619        1219
        1237         619        1220        1219
        1238         619         620        1220
        1239         620        1221        1220
        1240         620         621        1221
        1241         621        1222        1221
        1242         621         622        1222
        1243         622        1223        1222
        1244         622         623        1223
        1245         623        1224        1223
        1246         623         624        1224
        1247         624        1225        1224
        1248         624         625        1225
        1249         625        1226        1225
        1250         625         626        1226
        1251         626        1227        1226
        1252         626         627        1227
        1253         627        1228        1227
        1254         627         628        1228
        1255         628        1229        1228
        1256         628         629        1229
        1257         629        1230        1229
        1258         629         630        1230
        1259         630        1231        1230
        1260         630         631        1231
        1261         631        1232        1231
        1262         631         632        1232
        1263         632        1233        1232
        1264         632         633        1233
        1265         633        1234        1233
        1266         633         634        1234
        1267         634        1235        1234
        1268         634         635        1235
        1269         635        1236        1235
        1270         635         636        1236
        1271         636        1237        1236
        1272         636         637        1237
        1273         637        1238        1237
        1274         637         638        1238
        1275         638        1239        1238
        1276         638         639        1239
        1277         639        1240        1239
        1278         639         640        1240
        1279         640        1241        1240
        1280         640         641        1241
        1281         641        1242        1241
        1282         641         642        1242
        1283         642        1243        1242
        1284         642         643        1243
        1285         643        1244        1243
        1286         643         644        1244
        1287         644        1245        1244
        1288         644         645        1245
        1289         645        1246        1245
        1290         645         646        1246
        1291         646        1247        1246
        1292         646         647        1247
        1293         647        1248        1247
        1294         647         648        1248
        1295         648        1249        1248
        1296         648         649        1249
        1297         649        1250        1249
        1298         649         650        1250
        1299         650        1251        1250
        1300         650         651        1251
        1301         651        1252        1251
        1302         651         652        1252
        1303         652        1253        1252
        1304         652         653        1253
        1305         653        1254        1253
        1306         653         654        1254
        1307         654        1255        1254
        1308         654         655        1255
        1309         655        1256        1255
        1310         655         656        1256
        1311         656        1257        1256
        1312         656         657        1257
        1313         657        1258        1257
        1314         657         658        1258
        1315         658        1259        1258
        1316         658         659        1259
        1317         659        1260        1259
        1318         659         660        1260
        1319         660        1261        1260
        1320         660         661        1261
        1321         661        1262        1261
        1322         661         662        1262
        1323         662        1263        1262
        1324         662         663        1263
        1325         663        1264        1263
        1326         663         664        1264
        1327         664        1265        1264
        1328         664         665        1265
        1329         665        1266        1265
        1330         665         666        1266
        1331         666        1267        1266
        1332         666         667        1267
        1333         667        1268        1267
        1334         667         668        1268
        1335         668        1269        1268
        1336         668         669        1269
        1337         669        1270        1269
        1338         669         670        1270
        1339         670        1271        1270
        1340         670         671        1271
        1341         671        1272        1271
        1342         671         672        1272
        1343         672        1273        1272
        1344         672         673        1273
        1345         673        1274        1273
        1346         673         674        1274
        1347         674        1275        1274
        1348         674         675        1275
        1349         675        1276        1275
        1350         675         676        1276
        1351         676        1277        1276
        1352         676         677        1277
        1353         677        1278        1277
        1354         677         678        1278
        1355         678        1279        1278
        1356         678         679        1279
        1357         679        1280        1279
        1358         679         680        1280
        1359         680        1281        1280
        1360         680         681        1281
        1361         681        1282        1281
        1362         681         682        1282
        1363         682        1283        1282
        1364         682         683        1283
        1365         683        1284        1283
        1366         683         684        1284
        1367         684        1285        1284
        1368         684         685        1285
        1369         685        1286        1285
        1370         685         686        1286
        1371         686        1287        1286
        1372         686         687        1287
        1373         687        1288        1287
        1374         687         688        1288
        1375         688        1289        1288
        1376         688         689        1289
        1377         689        1290        1289
        1378         689         690        1290
        1379         690        1291        1290
        1380         690         691        1291
        1381         691        1292        1291
        1382         691         692        1292
        1383         692        1293        1292
        1384         692         693        1293
        1385         693        1294        1293
        1386         693         694        1294
        1387         694        1295        1294
        1388         694         695        1295
        1389         695        1296        1295
        1390         695         696        1296
        1391         696        1297        1296
        1392         696         697        1297
        1393         697        1298        1297
        1394         697         698        1298
        1395         698        1299        1298
        1396         698         699        1299
        1397         699        1300        1299
        1398         699         700        1300
        1399         700        1301        1300
        1400         700         701        1301
        1401         701        1302        1301
        1402         701         702        1302
        1403         702        1303        1302
        1404         702         703        1303
        1405         703        1304        1303
        1406         703         704        1304
        1407         704        1305        1304
        1408         704         705        1305
        1409         705        1306        1305
        1410         705         706        1306
        1411         706        1307        1306
        1412         706         707        1307
        1413         707        1308        1307
        1414         707         708        1308
        1415         708        1309        1308
        1416         708         709        1309
        1417         709        1310        1309
        1418         709         710        1310
        1419         710        1311        1310
        1420         710         711        1311
        1421         711        1312        1311
        1422         711         712        1312
        1423         712        1313        1312
        1424         712         713        1313
        1425         713        1314        1313
        1426         713         714        1314
        1427         714        1315        1314
        1428         714         715        1315
        1429         715        1316        1315
        1430         715         716        1316
        1431         716        1317        1316
        1432         716         717        1317
        1433         717        1318        1317
        1434         717         718        1318
        1435         718        1319        1318
        1436         718         719        1319
        1437         719        1320        1319
        1438         719         720        1320
        1439         720        1321        1320
        1440         720         721        1321
        1441         721        1322        1321
        1442         721         722        1322
        1443         722        1323        1322
        1444         722         723        1323
        1445         723        1324        1323
        1446         723         724        1324
        1447         724        1325        1324
        1448         724         725        1325
        1449         725        1326        1325
        1450         725         726        1326
        1451         726        1327        1326
        1452         726         727        1327
        1453         727        1328        1327
        1454         727         728        1328
        1455         728        1329        1328
        1456         728         729        1329
        1457         729        1330        1329
        1458         729         730        1330
        1459         730        1331        1330
        1460         730         731        1331
        1461         731        1332        1331
        1462         731         732        1332
        1463         732        1333        1332
        1464         732         733        1333
        1465         733        1334        1333
        1466         733         734        1334
        1467         734        1335        1334
        1468         734         735        1335
        1469         735        1336        1335
        1470         735         736        1336
        1471         736        1337        1336
        1472         736         737        1337
        1473         737        1338        1337
        1474         737         738        1338
        1475         738        1339        1338
        1476         738         739        1339
        1477         739        1340        1339
        1478         739         740        1340
        1479         740        1341        1340
        1480         740         741        1341
        1481         741        1342        1341
        1482         741         742        1342
        1483         742        1343        1342
        1484         742         743        1343
        1485         743        1344        1343
        1486         743         744        1344
        1487         744        1345        1344
        1488         744         745        1345
        1489         745        1346        1345
        1490         745         746        1346
        1491         746        1347        1346
        1492         746         747        1347
        1493         747        1348        1347
        1494         747         748        1348
        1495         748        1349        1348
        1496         748         749        1349
        1497         749        1350        1349
        1498         749         750        1350
        1499         750        1351        1350
        1500         750         751        1351
        1501         751        1352        1351
        1502         751         752        1352
        1503         752        1353        1352
        1504         752         753        1353
        1505         753        1354        1353
        1506         753         754        1354
        1507         754        1355        1354
        1508         754         755        1355
        1509         755        1356        1355
        1510         755         756        1356
        1511         756        1357        1356
        1512         756         757        1357
        1513         757        1358        1357
        1514         757         758        1358
        1515         758        1359        1358
        1516         758         759        1359
        1517         759        1360        1359
        1518         759         760        1360
        1519         760        1361        1360
        1520         760         761        1361
        1521         761        1362        1361
        1522         761         762        1362
        1523         762        1363        1362
        1524         762         763        1363
        1525         763        1364        1363
        1526         763         764        1364
        1527         764        1365        1364
        1528         764         765        1365
        1529         765        1366        1365
        1530         765         766        1366
        1531         766        1367        1366
        1532         766         767        1367
        1533         767        1368        1367
        1534         767         768        1368
        1535         768        1369        1368
        1536         768         769        1369
        1537         769        1370        1369
        1538         769         770        1370
        1539         770        1371        1370
        1540         770         771        1371
        1541         771        1372        1371
        1542         771         772        1372
        1543         772        1373        1372
        1544         772         773        1373
        1545         773        1374        1373
        1546         773         774        1374
        1547         774        1375        1374
        1548         774         775        1375
        1549         775        1376        1375
        1550         775         776        1376
        1551         776        1377        1376
        1552         776         777        1377
        1553         777        1378        1377
        1554         777         778        1378
        1555         778        1379        1378
        1556         778         779        1379
        1557         779        1380        1379
        1558         779         780        1380
        1559         780        1381        1380
        1560         780         781        1381
        1561         781        1382        1381
        1562         781         782        1382
        1563         782        1383        1382
        1564         782         783        1383
        1565         783        1384        1383
        1566         783         784        1384
        1567         784        1385        1384
        1568         784         785        1385
        1569         785        1386        1385
        1570         785         786        1386
        1571         786        1387        1386
        1572         786         787        1387
        1573         787        1388        1387
        1574         787         788        1388
        1575         788        1389        1388
        1576         788         789        1389
        1577         789        1390        1389
        1578         789         790        1390
        1579         790        1391        1390
        1580         790         791        1391
        1581         791        1392        1391
        1582         791         792        1392
        1583         792        1393        1392
        1584         792         793        1393
        1585         793        1394        1393
        1586         793         794        1394
        1587         794        1395        1394
        1588         794         795        1395
        1589         795        1396        1395
        1590         795         796        1396
        1591         796        1397        1396
        1592         796         797        1397
        1593         797        1398        1397
        1594         797         798        1398
        1595         798        1399        1398
        1596         798         799        1399
        1597         799        1400        1399
        1598         799         800        1400
        1599         800        1401        1400
        1600         800         801        1401
        1601         801        1402        1401
        1602         801         802        1402
        1603         802        1403        1402
        1604         802         803        1403
        1605         803        1404        1403
        1606         803         804        1404
        1607         804        1405        1404
        1608         804         805        1405
        1609         805        1406        1405
        1610         805         806        1406
        1611         806        1407        1406
        1612         806         807        1407
        1613         807        1408        1407
        1614         807         808        1408
        1615         808        1409        1408
        1616         808         809        1409
        1617         809        1410        1409
        1618         809         810        1410
        1619         810        1411        1410
        1620         810         811        1411
        1621         811        1412        1411
        1622         811         812        1412
        1623         812        1413        1412
        1624         812         813        1413
        1625         813        1414        1413
        1626         813         814        1414
        1627         814        1415        1414
        1628         814         815        1415
        1629         815        1416        1415
        1630         815         816        1416
        1631         816        1417        1416
        1632         816         817        1417
        1633         817        1418        1417
        1634         817         818        1418
        1635         818        1419        1418
        1636         818         819        1419
        1637         819        1420        1419
        1638         819         820        1420
        1639         820        1421        1420
        1640         820         821        1421
        1641         821        1422        1421
        1642         821         822        1422
        1643         822        1423        1422
        1644         822         823        1423
        1645         823        1424        1423
        1646         823         824        1424
        1647         824        1425        1424
        1648         824         825        1425
        1649         825        1426        1425
        1650         825         826        1426
        1651         826        1427        1426
        1652         826         827        1427
        1653         827        1428        1427
        1654         827         828        1428
        1655         828        1429        1428
        1656         828         829        1429
        1657         829        1430        1429
        1658         829         830        1430
        1659         830        1431        1430
        1660         830         831        1431
        1661         831        1432        1431
        1662         831         832        1432
        1663         832        1433        1432
        1664         832         833        1433
        1665         833        1434        1433
        1666         833         834        1434
        1667         834        1435        1434
        1668         834         835        1435
        1669         835        1436        1435
        1670         835         836        1436
        1671         836        1437        1436
        1672         836         837        1437
        1673         837        1438        1437
        1674         837         838        1438
        1675         838        1439        1438
        1676         838         839        1439
        1677         839        1440        1439
        1678         839         840        1440
        1679         840        1441        1440
        1680         840         841        1441
        1681         841        1442        1441
        1682         841         842        1442
        1683         842        1443        1442
        1684         842         843        1443
        1685         843        1444        1443
        1686         843         844        1444
        1687         844        1445        1444
        1688         844         845        1445
        1689         845        1446        1445
        1690         845         846        1446
        1691         846        1447        1446
        1692         846         847        1447
        1693         847        1448        1447
        1694         847         848        1448
        1695         848        1449        1448
        1696         848         849        1449
        1697         849        1450        1449
        1698         849         850        1450
        1699         850        1451        1450
        1700         850         851        1451
        1701         851        1452        1451
        1702         851         852        1452
        1703         852        1453        1452
        1704         852         853        1453
        1705         853        1454        1453
        1706         853         854        1454
        1707         854        1455        1454
        1708         854         855        1455
        1709         855        1456        1455
        1710         855         856        1456
        1711         856        1457        1456
        1712         856         857        1457
        1713         857        1458        1457
        1714         857         858        1458
        1715         858        1459        1458
        1716         858         859        1459
        1717         859        1460        1459
        1718         859         860        1460
        1719         860        1461        1460
        1720         860         861        1461
        1721         861        1462        1461
        1722         861         862        1462
        1723         862        1463        1462
        1724         862         863        1463
        1725         863        1464        1463
        1726         863         864        1464
        1727         864        1465        1464
        1728         864         865        1465
        1729         865        1466        1465
        1730         865         866        1466
        1731         866        1467        1466
        1732         866         867        1467
        1733         867        1468        1467
        1734         867         868        1468
        1735         868        1469        1468
        1736         868         869        1469
        1737         869        1470        1469
        1738         869         870        1470
        1739         870        1471        1470
        1740         870         871        1471
        1741         871        1472        1471
        1742         871         872        1472
        1743         872        1473        1472
        1744         872         873        1473
        1745         873        1474        1473
        1746         873         874        1474
        1747         874        1475        1474
        1748         874         875        1475
        1749         875        1476        1475
        1750         875         876        1476
        1751         876        1477        1476
        1752         876         877        1477
        1753         877        1478        1477
        1754         877         878        1478
        1755         878        1479        1478
        1756         878         879        1479
        1757         879        1480        1479
        1758         879         880        1480
        1759         880        1481        1480
        1760         880         881        1481
        1761         881        1482        1481
        1762         881         882        1482
        1763         882        1483        1482
        1764         882         883        1483
        1765         883        1484        1483
        1766         883         884        1484
        1767         884        1485        1484
        1768         884         885        1485
        1769         885        1486        1485
        1770         885         886        1486
        1771         886        1487        1486
        1772         886         887        1487
        1773         887        1488        1487
        1774         887         888        1488
        1775         888        1489        1488
        1776         888         889        1489
        1777         889        1490        1489
        1778         889         890        1490
        1779         890        1491        1490
        1780         890         891        1491
        1781         891        1492        1491
        1782         891         892        1492
        1783         892        1493        1492
        1784         892         893        1493
        1785         893        1494        1493
        1786         893         894        1494
        1787         894        1495        1494
        1788         894         895        1495
        1789         895        1496        1495
        1790         895         896        1496
        1791         896        1497        1496
        1792         896         897        1497
        1793         897        1498        1497
        1794         897         898        1498
        1795         898        1499        1498
        1796         898         899        1499
        1797         899        1500        1499
        1798         899         900        1500
        1799         900        1501        1500
        1800         900         901        1501
        1801         901        1502        1501
        1802         901         902        1502
        1803         902        1503        1502
        1804         902         903        1503
        1805         903        1504        1503
        1806         903         904        1504
        1807         904        1505        1504
        1808         904         905        1505
        1809         905        1506        1505
        1810         905         906        1506
        1811         906        1507        1506
        1812         906         907        1507
        1813         907        1508        1507
        1814         907         908        1508
        1815         908        1509        1508
        1816         908         909        1509
        1817         909        1510        1509
        1818         909         910        1510
        1819         910        1511        1510
        1820         910         911        1511
        1821         911        1512        1511
        1822         911         912        1512
        1823         912        1513        1512
        1824         912         913        1513
        1825         913        1514        1513
        1826         913         914        1514
        1827         914        1515        1514
        1828         914         915        1515
        1829         915        1516        1515
        1830         915         916        1516
        1831         916        1517        1516
        1832         916         917        1517
        1833         917        1518        1517
        1834         917         918        1518
        1835         918        1519        1518
        1836         918         919        1519
        1837         919        1520        1519
        1838         919         920        1520
        1839         920        1521        1520
        1840         920         921        1521
        1841         921        1522        1521
        1842         921         922        1522
        1843         922        1523        1522
        1844         922         923        1523
        1845         923        1524        1523
        1846         923         924        1524
        1847         924        1525        1524
        1848         924         925        1525
        1849         925        1526        1525
        1850         925         926        1526
        1851         926        1527        1526
        1852         926         927        1527
        1853         927        1528        1527
        1854         927         928        1528
        1855         928        1529        1528
        1856         928         929        1529
        1857         929        1530        1529
        1858         929         930        1530
        1859         930        1531        1530
        1860         930         931        1531
        1861         931        1532        1531
        1862         931         932        1532
        1863         932        1533        1532
        1864         932         933        1533
        1865         933        1534        1533
        1866         933         934        1534
        1867         934        1535        1534
        1868         934         935        1535
        1869         935        1536        1535
        1870         935         936        1536
        1871         936        1537        1536
        1872         936         937        1537
        1873         937        1538        1537
        1874         937         938        1538
        1875         938        1539        1538
        1876         938         939        1539
        1877         939        1540        1539
        1878         939         940        1540
        1879         940        1541        1540
        1880         940         941        1541
        1881         941        1542        1541
        1882         941         942        1542
        1883         942        1543        1542
        1884         942         943        1543
        1885         943        1544        1543
        1886         943         944        1544
        1887         944        1545        1544
        1888         944         945        1545
        1889         945        1546        1545
        1890         945         946        1546
        1891         946        1547        1546
        1892         946         947        1547
        1893         947        1548        1547
        1894         947         948        1548
        1895         948        1549        1548
        1896         948         949        1549
        1897         949        1550        1549
        1898         949         950        1550
        1899         950        1551        1550
        1900         950         951        1551
        1901         951        1552        1551
        1902         951         952        1552
        1903         952        1553        1552
        1904         952         953        1553
        1905         953        1554        1553
        1906         953         954        1554
        1907         954        1555        1554
        1908         954         955        1555
        1909         955        1556        1555
        1910         955         956        1556
        1911         956        1557        1556
        1912         956         957        1557
        1913         957        1558        1557
        1914         957         958        1558
        1915         958        1559        1558
        1916         958         959        1559
        1917         959        1560        1559
        1918         959         960        1560
        1919         960        1561        1560
        1920         960         961        1561
        1921         961        1562        1561
        1922         961         962        1562
        1923         962        1563        1562
        1924         962         963        1563
        1925         963        1564        1563
        1926         963         964        1564
        1927         964        1565        1564
        1928         964         965        1565
        1929         965        1566        1565
        1930         965         966        1566
        1931         966        1567        1566
        1932         966         967        1567
        1933         967        1568        1567
        1934         967         968        1568
        1935         968        1569        1568
        1936         968         969        1569
        1937         969        1570        1569
        1938         969         970        1570
        1939         970        1571        1570
        1940         970         971        1571
        1941         971        1572        1571
        1942         971         972        1572
        1943         972        1573        1572
        1944         972         973        1573
        1945         973        1574        1573
        1946         973         974        1574
        1947         974        1575        1574
        1948         974         975        1575
        1949         975        1576        1575
        1950         975         976        1576
        1951         976        1577        1576
        1952         976         977        1577
        1953         977        1578        1577
        1954         977         978        1578
        1955         978        1579        1578
        1956         978         979        1579
        1957         979        1580        1579
        1958         979         980        1580
        1959         980        1581        1580
        1960         980         981        1581
        1961         981        1582        1581
        1962         981         982        1582
        1963         982        1583        1582
        1964         982         983        1583
        1965         983        1584        1583
        1966         983         984        1584
        1967         984        1585        1584
        1968         984         985        1585
        1969         985        1586        1585
        1970         985         986        1586
        1971         986        1587        1586
        1972         986         987        1587
        1973         987        1588        1587
        1974         987         988        1588
        1975         988        1589        1588
        1976         988         989        1589
        1977         989        1590        1589
        1978         989         990        1590
        1979         990        1591        1590
        1980         990         991        1591
        1981         991        1592        1591
        1982         991         992        1592
        1983         992        1593        1592
        1984         992         993        1593
        1985         993        1594        1593
        1986         993         994        1594
        1987         994        1595        1594
        1988         994         995        1595
        1989         995        1596        1595
        1990         995         996        1596
        1991         996        1597        1596
        1992         996         997        1597
        1993         997        1598        1597
        1994         997         998        1598
        1995         998        1599        1598
        1996         998         999        1599
        1997         999        1600        1599
        1998         999        1000        1600
        1999        1000        1601        1600
        2000        1000        1001        1601
        2001        1001        1602        1601
        2002        1001        1002        1602
        2003        1002        1603        1602
        2004        1002        1003        1603
        2005        1003        1604        1603
        2006        1003        1004        1604
        2007        1004        1605        1604
        2008        1004        1005        1605
        2009        1005        1606        1605
        2010        1005        1006        1606
        2011        1006        1607        1606
        2012        1006        1007        1607
        2013        1007        1608        1607
        2014        1007        1008        1608
        2015        1008        1609        1608
        2016        1008        1009        1609
        2017        1009        1610        1609
        2018        1009        1010        1610
        2019        1010        1611        1610
        2020        1010        1011        1611
        2021        1011        1612        1611
        2022        1011        1012        1612
        2023        1012        1613        1612
        2024        1012        1013        1613
        2025        1013        1614        1613
        2026        1013        1014        1614
        2027        1014        1615        1614
        2028        1014        1015        1615
        2029        1015        1616        1615
        2030        1015        1016        1616
        2031        1016        1617        1616
        2032        1016        1017        1617
        2033        1017        1618        1617
        2034        1017        1018        1618
        2035        1018        1619        1618
        2036        1018        1019        1619
        2037        1019        1620        1619
        2038        1019        1020        1620
        2039        1020        1621        1620
        2040        1020        1021        1621
        2041        1021        1622        1621
        2042        1021        1022        1622
        2043        1022        1623        1622
        2044        1022        1023        1623
        2045        1023        1624        1623
        2046        1023        1024        1624
        2047        1024        1625        1624
        2048        1024        1025        1625
        2049        1025        1626        1625
        2050        1025        1026        1626
        2051        1026        1627        1626
        2052        1026        1027        1627
        2053        1027        1628        1627
        2054        1027        1028        1628
        2055        1028        1629        1628
        2056        1028        1029        1629
        2057        1029        1630        1629
        2058        1029        1030        1630
        2059        1030        1631        1630
        2060        1030        1031        1631
        2061        1031        1632        1631
        2062        1031        1032        1632
        2063        1032        1633        1632
        2064        1032        1033        1633
        2065        1033        1634        1633
        2066        1033        1034        1634
        2067        1034        1635        1634
        2068        1034        1035        1635
        2069        1035        1636        1635
        2070        1035        1036        1636
        2071        1036        1637        1636
        2072        1036        1037        1637
        2073        1037        1638        1637
        2074        1037        1038        1638
        2075        1038        1639        1638
        2076        1038        1039        1639
        2077        1039        1640        1639
        2078        1039        1040        1640
        2079        1040        1641        1640
        2080        1040        1041        1641
        2081        1041        1642        1641
        2082        1041        1042        1642
        2083        1042        1643        1642
        2084        1042        1043        1643
        2085        1043        1644        1643
        2086        1043        1044        1644
        2087        1044        1645        1644
        2088        1044        1045        1645
        2089        1045        1646        1645
        2090        1045        1046        1646
        2091        1046        1647        1646
        2092        1046        1047        1647
        2093        1047        1648        1647
        2094        1047        1048        1648
        2095        1048        1649        1648
        2096        1048        1049        1649
        2097        1049        1650        1649
        2098        1049        1050        1650
        2099        1050        1651        1650
        2100        1050        1051        1651
        2101        1051        1652        1651
        2102        1051        1052        1652
        2103        1052        1653        1652
        2104        1052        1053        1653
        2105        1053        1654        1653
        2106        1053        1054        1654
        2107        1054        1655        1654
        2108        1054        1055        1655
        2109        1055        1656        1655
        2110        1055        1056        1656
        2111        1056        1657        1656
        2112        1056        1057        1657
        2113        1057        1658        1657
        2114        1057        1058        1658
        2115        1058        1659        1658
        2116        1058        1059        1659
        2117        1059        1660        1659
        2118        1059        1060        1660
        2119        1060        1661        1660
        2120        1060        1061        1661
        2121        1061        1662        1661
        2122        1061        1062        1662
        2123        1062        1663        1662
        2124        1062        1063        1663
        2125        1063        1664        1663
        2126        1063        1064        1664
        2127        1064        1665        1664
        2128        1064        1065        1665
        2129        1065        1666        1665
        2130        1065        1066        1666
        2131        1066        1667        1666
        2132        1066        1067        1667
        2133        1067        1668        1667
        2134        1067        1068        1668
        2135        1068        1669        1668
        2136        1068        1069        1669
        2137        1069        1670        1669
        2138        1069        1070        1670
        2139        1070        1671        1670
        2140        1070        1071        1671
        2141        1071        1672        1671
        2142        1071        1072        1672
        2143        1072        1673        1672
        2144        1072        1073        1673
        2145        1073        1674        1673
        2146        1073        1074        1674
        2147        1074        1675        1674
        2148        1074        1075        1675
        2149        1075        1676        1675
        2150        1075        1076        1676
        2151        1076        1677        1676
        2152        1076        1077        1677
        2153        1077        1678        1677
        2154        1077        1078        1678
        2155        1078        1679        1678
        2156        1078        1079        1679
        2157        1079        1680        1679
        2158        1079        1080        1680
        2159        1080        1681        1680
        2160        1080        1081        1681
        2161        1081        1682        1681
        2162        1081        1082        1682
        2163        1082        1683        1682
        2164        1082        1083        1683
        2165        1083        1684        1683
        2166        1083        1084        1684
        2167        1084        1685        1684
        2168        1084        1085        1685
        2169        1085        1686        1685
        2170        1085        1086        1686
        2171        1086        1687        1686
        2172        1086        1087        1687
        2173        1087        1688        1687
        2174        1087        1088        1688
        2175        1088        1689        1688
        2176        1088        1089        1689
        2177        1089        1690        1689
        2178        1089        1090        1690
        2179        1090        1691        1690
        2180        1090        1091        1691
        2181        1091        1692        1691
        2182        1091        1092        1692
        2183        1092        1693        1692
        2184        1092        1093        1693
        2185        1093        1694        1693
        2186        1093        1094        1694
        2187        1094        1695        1694
        2188        1094        1095        1695
        2189        1095        1696        1695
        2190        1095        1096        1696
        2191        1096        1697        1696
        2192        1096        1097        1697
        2193        1097        1698        1697
        2194        1097        1098        1698
        2195        1098        1699        1698
        2196        1098        1099        1699
        2197        1099        1700        1699
        2198        1099        1100        1700
        2199        1100        1701        1700
        2200        1100        1101        1701
        2201        1101        1702        1701
        2202        1101        1102        1702
        2203        1102        1703        1702
        2204        1102        1103        1703
        2205        1103        1704        1703
        2206        1103        1104        1704
        2207        1104        1705        1704
        2208        1104        1105        1705
        2209        1105        1706        1705
        2210        1105        1106        1706
        2211        1106        1707        1706
        2212        1106        1107        1707
        2213        1107        1708        1707
        2214        1107        1108        1708
        2215        1108        1709        1708
        2216        1108        1109        1709
        2217        1109        1710        1709
        2218        1109        1110        1710
        2219        1110        1711        1710
        2220        1110        1111        1711
        2221        1111        1712        1711
        2222        1111        1112        1712
        2223        1112        1713        1712
        2224        1112        1113        1713
        2225        1113        1714        1713
        2226        1113        1114        1714
        2227        1114        1715        1714
        2228        1114        1115        1715
        2229        1115        1716        1715
        2230        1115        1116        1716
        2231        1116        1717        1716
        2232        1116        1117        1717
        2233        1117        1718        1717
        2234        1117        1118        1718
        2235        1118        1719        1718
        2236        1118        1119        1719
        2237        1119        1720        1719
        2238        1119        1120        1720
        2239        1120        1721        1720
        2240        1120        1121        1721
        2241        1121        1722        1721
        2242        1121        1122        1722
        2243        1122        1723        1722
        2244        1122        1123        1723
        2245        1123        1724        1723
        2246        1123        1124        1724
        2247        1124        1725        1724
        2248        1124        1125        1725
        2249        1125        1726        1725
        2250        1125        1126        1726
        2251        1126        1727        1726
        2252        1126        1127        1727
        2253        1127        1728        1727
        2254        1127        1128        1728
        2255        1128        1729        1728
        2256        1128        1129        1729
        2257        1129        1730        1729
        2258        1129        1130        1730
        2259        1130        1731        1730
        2260        1130        1131        1731
        2261        1131        1732        1731
        2262        1131        1132        1732
        2263        1132        1733        1732
        2264        1132        1133        1733
        2265        1133        1734        1733
        2266        1133        1134        1734
        2267        1134        1735        1734
        2268        1134        1135        1735
        2269        1135        1736        1735
        2270        1135        1136        1736
        2271        1136        1737        1736
        2272        1136        1137        1737
        2273        1137        1738        1737
        2274        1137        1138        1738
        2275        1138        1739        1738
        2276        1138        1139        1739
        2277        1139        1740        1739
        2278        1139        1140        1740
        2279        1140        1741        1740
        2280        1140        1141        1741
        2281        1141        1742        1741
        2282        1141        1142        1742
        2283        1142        1743        1742
        2284        1142        1143        1743
        2285        1143        1744        1743
        2286        1143        1144        1744
        2287        1144        1745        1744
        2288        1144        1145        1745
        2289        1145        1746        1745
        2290        1145        1146        1746
        2291        1146        1747        1746
        2292        1146        1147        1747
        2293        1147        1748        1747
        2294        1147        1148        1748
        2295        1148        1749        1748
        2296        1148        1149        1749
        2297        1149        1750        1749
        2298        1149        1150        1750
        2299        1150        1751        1750
        2300        1150        1151        1751
        2301        1151        1752        1751
        2302        1151        1152        1752
        2303        1152        1753        1752
        2304        1152        1153        1753
        2305        1153        1754        1753
        2306        1153        1154        1754
        2307        1154        1755        1754
        2308        1154        1155        1755
        2309        1155        1756        1755
        2310        1155        1156        1756
        2311        1156        1757        1756
        2312        1156        1157        1757
        2313        1157        1758        1757
        2314        1157        1158        1758
        2315        1158        1759        1758
        2316        1158        1159        1759
        2317        1159        1760        1759
        2318        1159        1160        1760
        2319        1160        1761        1760
        2320        1160        1161        1761
        2321        1161        1762        1761
        2322        1161        1162        1762
        2323        1162        1763        1762
        2324        1162        1163        1763
        2325        1163        1764        1763
        2326        1163        1164        1764
        2327        1164        1765        1764
        2328        1164        1165        1765
        2329        1165        1766        1765
        2330        1165        1166        1766
        2331        1166        1767        1766
        2332        1166        1167        1767
        2333        1167        1768        1767
        2334        1167        1168        1768
        2335        1168        1769        1768
        2336        1168        1169        1769
        2337        1169        1770        1769
        2338        1169        1170        1770
        2339        1170        1771        1770
        2340        1170        1171        1771
        2341        1171        1772        1771
        2342        1171        1172        1772
        2343        1172        1773        1772
        2344        1172        1173        1773
        2345        1173        1774        1773
        2346        1173        1174        1774
        2347        1174        1775        1774
        2348        1174        1175        1775
        2349        1175        1776        1775
        2350        1175        1176        1776
        2351        1176        1777        1776
        2352        1176        1177        1777
        2353        1177        1778        1777
        2354        1177        1178        1778
        2355        1178        1779        1778
        2356        1178        1179        1779
        2357        1179        1780        1779
        2358        1179        1180        1780
        2359        1180        1781        1780
        2360        1180        1181        1781
        2361        1181        1782        1781
        2362        1181        1182        1782
        2363        1182        1783        1782
        2364        1182        1183        1783
        2365        1183        1784        1783
        2366        1183        1184        1784
        2367        1184        1785        1784
        2368        1184        1185        1785
        2369        1185        1786        1785
        2370        1185        1186        1786
        2371        1186        1787        1786
        2372        1186        1187        1787
        2373        1187        1788        1787
        2374        1187        1188        1788
        2375        1188        1789        1788
        2376        1188        1189        1789
        2377        1189        1790        1789
        2378        1189        1190        1790
        2379        1190        1791        1790
        2380        1190        1191        1791
        2381        1191        1792        1791
        2382        1191        1192        1792
        2383        1192        1793        1792
        2384        1192        1193        1793
        2385        1193        1794        1793
        2386        1193        1194        1794
        2387        1194        1795        1794
        2388        1194        1195        1795
        2389        1195        1796        1795
        2390        1195        1196        1796
        2391        1196        1797        1796
        2392        1196        1197        1797
        2393        1197        1798        1797
        2394        1197        1198        1798
        2395        1198        1799        1798
        2396        1198        1199        1799
        2397        1199        1800        1799
        2398        1199        1200        1800
        2399        1200        1201        1800
        2400        1200         601        1201
 
 -10.000  -10.000  -10.000
